ticker,seed,algo,shortfall_bps,shortfall_adj_bps,fill_rate,X
SPY,30004,TWAP,-2.563,0.14413,1,236600
SPY,30004,VWAP,-2.53861,0.16852,1,236600
SPY,30004,POV,-1.47727,1.22986,1,236600
SPY,30004,AC,-0.385501,2.32163,1,236600
SPY,30004,Adaptive,-1.59416,1.11297,1,236600
SPY,30005,TWAP,14.2196,0.258926,1,236600
SPY,30005,VWAP,14.0728,0.112097,1,236600
SPY,30005,POV,11.4775,-2.48319,1,236600
SPY,30005,AC,8.3846,-5.57612,1,236600
SPY,30005,Adaptive,9.96683,-3.99388,0.988166,236600
SPY,30054,TWAP,16.1765,0.253587,1,236600
SPY,30054,VWAP,16.0581,0.135177,1,236600
SPY,30054,POV,12.4356,-3.48726,1,236600
SPY,30054,AC,8.76106,-7.16184,1,236600
SPY,30054,Adaptive,12.4571,-3.46578,0.977599,236600
SPY,30055,TWAP,-24.8283,1.18028,1,236600
SPY,30055,VWAP,-24.5751,1.43355,1,236600
SPY,30055,POV,-17.9291,8.07955,1,236600
SPY,30055,AC,-13.9348,12.0739,1,236600
SPY,30055,Adaptive,-13.5916,12.4171,1,236600
SPY,30056,TWAP,5.59768,0.526911,1,236600
SPY,30056,VWAP,5.61815,0.547381,1,236600
SPY,30056,POV,5.07259,0.00182198,1,236600
SPY,30056,AC,5.21893,0.148161,1,236600
SPY,30056,Adaptive,3.19305,-1.87772,1,236600
SPY,30057,TWAP,-2.48852,0.993606,1,236600
SPY,30057,VWAP,-2.39499,1.08714,1,236600
SPY,30057,POV,-0.278087,3.20404,1,236600
SPY,30057,AC,-0.809764,2.67237,1,236600
SPY,30057,Adaptive,-1.29685,2.18528,1,236600
SPY,30016,TWAP,14.7932,0.242094,1,236600
SPY,30016,VWAP,14.6084,0.0573197,1,236600
SPY,30016,POV,8.99766,-5.55343,1,236600
SPY,30016,AC,5.27985,-9.27124,1,236600
SPY,30016,Adaptive,7.24176,-7.30933,0.996196,236600
SPY,30017,TWAP,-34.4582,1.60826,1,236600
SPY,30017,VWAP,-34.1353,1.9311,1,236600
SPY,30017,POV,-22.5938,13.4726,1,236600
SPY,30017,AC,-17.7578,18.3086,1,236600
SPY,30017,Adaptive,-17.059,19.0074,1,236600
SPY,30046,TWAP,-3.02102,0.458966,1,236600
SPY,30046,VWAP,-2.85709,0.622889,1,236600
SPY,30046,POV,1.1865,4.66648,1,236600
SPY,30046,AC,3.04524,6.52522,1,236600
SPY,30046,Adaptive,1.31019,4.79017,1,236600
SPY,30047,TWAP,5.42918,0.298303,1,236600
SPY,30047,VWAP,5.21904,0.088159,1,236600
SPY,30047,POV,0.746339,-4.38454,1,236600
SPY,30047,AC,-0.243082,-5.37396,1,236600
SPY,30047,Adaptive,-0.812758,-5.94364,1,236600
SPY,30010,TWAP,12.7574,0.597855,1,236600
SPY,30010,VWAP,12.657,0.497411,1,236600
SPY,30010,POV,9.37892,-2.78062,1,236600
SPY,30010,AC,6.54491,-5.61463,1,236600
SPY,30010,Adaptive,7.84443,-4.31511,1,236600
SPY,30011,TWAP,-14.8692,0.819661,1,236600
SPY,30011,VWAP,-14.8608,0.8281,1,236600
SPY,30011,POV,-15.3599,0.328979,1,236600
SPY,30011,AC,-11.4253,4.26363,1,236600
SPY,30011,Adaptive,-11.4087,4.28018,1,236600
SPY,30006,TWAP,0.372489,0.38537,1,236600
SPY,30006,VWAP,0.4241,0.436981,1,236600
SPY,30006,POV,2.86776,2.88064,1,236600
SPY,30006,AC,4.23713,4.25001,1,236600
SPY,30006,Adaptive,2.80309,2.81597,1,236600
SPY,30007,TWAP,8.40844,-0.26253,1,236600
SPY,30007,VWAP,8.23793,-0.433041,1,236600
SPY,30007,POV,1.75835,-6.91262,1,236600
SPY,30007,AC,1.18906,-7.48192,1,236600
SPY,30007,Adaptive,1.24056,-7.43041,1,236600
SPY,30042,TWAP,9.94827,0.422864,1,236600
SPY,30042,VWAP,9.90493,0.379528,1,236600
SPY,30042,POV,11.9357,2.41025,1,236600
SPY,30042,AC,9.27494,-0.250469,1,236600
SPY,30042,Adaptive,7.80142,-1.72398,1,236600
SPY,30043,TWAP,-4.85657,0.278606,0.995773,236600
SPY,30043,VWAP,-4.74777,0.387408,0.997887,236600
SPY,30043,POV,-3.94086,1.19431,1,236600
SPY,30043,AC,-1.45969,3.67549,1,236600
SPY,30043,Adaptive,-1.59013,3.54505,1,236600
SPY,30014,TWAP,1.51908,-0.0609709,1,236600
SPY,30014,VWAP,1.39583,-0.184227,1,236600
SPY,30014,POV,-4.59095,-6.171,1,236600
SPY,30014,AC,-4.0897,-5.66976,1,236600
SPY,30014,Adaptive,-5.42031,-7.00036,1,236600
SPY,30015,TWAP,7.78307,0.131836,1,236600
SPY,30015,VWAP,7.67577,0.0245314,1,236600
SPY,30015,POV,5.00574,-2.6455,1,236600
SPY,30015,AC,2.29291,-5.35832,1,236600
SPY,30015,Adaptive,2.43196,-5.21928,1,236600
SPY,30048,TWAP,0.149551,0.973927,1,236600
SPY,30048,VWAP,0.236222,1.0606,1,236600
SPY,30048,POV,3.95071,4.77509,1,236600
SPY,30048,AC,1.41445,2.23882,1,236600
SPY,30048,Adaptive,0.640777,1.46515,1,236600
SPY,30049,TWAP,2.62103,0.201577,1,236600
SPY,30049,VWAP,2.6494,0.229941,1,236600
SPY,30049,POV,4.19919,1.77973,1,236600
SPY,30049,AC,3.08564,0.666181,1,236600
SPY,30049,Adaptive,2.52288,0.103419,1,236600
SPY,30018,TWAP,-7.53068,0.962106,1,236600
SPY,30018,VWAP,-7.47434,1.01845,1,236600
SPY,30018,POV,-5.02822,3.46457,1,236600
SPY,30018,AC,-2.46223,6.03056,1,236600
SPY,30018,Adaptive,-2.59038,5.9024,1,236600
SPY,30019,TWAP,-13.6196,0.523554,1,236600
SPY,30019,VWAP,-13.5169,0.626339,1,236600
SPY,30019,POV,-13.8208,0.322446,1,236600
SPY,30019,AC,-10.7205,3.42268,1,236600
SPY,30019,Adaptive,-10.7841,3.35914,1,236600
SPY,30034,TWAP,10.3598,0.454402,1,236600
SPY,30034,VWAP,10.4112,0.505849,1,236600
SPY,30034,POV,15.0337,5.12826,1,236600
SPY,30034,AC,12.6677,2.76234,1,236600
SPY,30034,Adaptive,7.6241,-2.28129,1,236600
SPY,30035,TWAP,-1.50858,-0.141056,1,236600
SPY,30035,VWAP,-1.67048,-0.302965,1,236600
SPY,30035,POV,-9.49243,-8.12491,1,236600
SPY,30035,AC,-5.81468,-4.44717,1,236600
SPY,30035,Adaptive,-5.77717,-4.40966,1,236600
SPY,30008,TWAP,-23.532,1.225,1,236600
SPY,30008,VWAP,-23.0521,1.7049,1,236600
SPY,30008,POV,-9.39247,15.3646,1,236600
SPY,30008,AC,-2.70411,22.0529,1,236600
SPY,30008,Adaptive,-3.28843,21.4686,1,236600
SPY,30009,TWAP,7.28564,0.832324,1,236600
SPY,30009,VWAP,7.22592,0.772602,1,236600
SPY,30009,POV,8.04221,1.5889,1,236600
SPY,30009,AC,8.19618,1.74286,1,236600
SPY,30009,Adaptive,5.82791,-0.625403,1,236600
SPY,30030,TWAP,-2.82524,0.742757,1,236600
SPY,30030,VWAP,-2.84065,0.72735,1,236600
SPY,30030,POV,-2.64107,0.926933,1,236600
SPY,30030,AC,-3.56037,0.00763271,1,236600
SPY,30030,Adaptive,-4.18193,-0.613926,1,236600
SPY,30031,TWAP,-21.6602,0.542104,1,236600
SPY,30031,VWAP,-21.5065,0.695792,1,236600
SPY,30031,POV,-17.9204,4.28191,1,236600
SPY,30031,AC,-11.1215,11.0808,1,236600
SPY,30031,Adaptive,-10.3499,11.8524,1,236600
SPY,30058,TWAP,-12.0616,0.6754,1,236600
SPY,30058,VWAP,-11.9724,0.764684,1,236600
SPY,30058,POV,-11.4405,1.29652,1,236600
SPY,30058,AC,-9.43314,3.30389,1,236600
SPY,30058,Adaptive,-9.52063,3.21641,1,236600
SPY,30059,TWAP,12.2327,0.161167,1,236600
SPY,30059,VWAP,12.0249,-0.046582,1,236600
SPY,30059,POV,5.20129,-6.87023,1,236600
SPY,30059,AC,3.66914,-8.40238,1,236600
SPY,30059,Adaptive,4.31493,-7.75659,1,236600
SPY,30024,TWAP,36.7614,-0.247504,1,236600
SPY,30024,VWAP,36.4021,-0.606818,1,236600
SPY,30024,POV,21.7584,-15.2505,1,236600
SPY,30024,AC,17.5073,-19.5016,1,236600
SPY,30024,Adaptive,30.3368,-6.67204,0.934911,236600
SPY,30025,TWAP,18.9097,-0.613378,1,236600
SPY,30025,VWAP,18.5458,-0.977266,1,236600
SPY,30025,POV,9.21472,-10.3084,1,236600
SPY,30025,AC,6.97554,-12.5476,1,236600
SPY,30025,Adaptive,13.4203,-6.10286,0.988588,236600
SPY,30050,TWAP,1.92892,0.335984,1,236600
SPY,30050,VWAP,1.85123,0.258296,1,236600
SPY,30050,POV,0.339879,-1.25306,1,236600
SPY,30050,AC,1.09542,-0.497516,1,236600
SPY,30050,Adaptive,0.371183,-1.22175,1,236600
SPY,30051,TWAP,3.89344,0.323294,1,236600
SPY,30051,VWAP,3.89671,0.32656,1,236600
SPY,30051,POV,4.54533,0.975177,1,236600
SPY,30051,AC,3.13131,-0.438833,1,236600
SPY,30051,Adaptive,2.0746,-1.49554,1,236600
SPY,30044,TWAP,8.12061,0.104415,1,236600
SPY,30044,VWAP,7.89315,-0.123042,1,236600
SPY,30044,POV,0.346248,-7.66995,1,236600
SPY,30044,AC,-1.08861,-9.10481,1,236600
SPY,30044,Adaptive,-1.33698,-9.35317,1,236600
SPY,30045,TWAP,-0.833718,0.407139,1,236600
SPY,30045,VWAP,-0.954578,0.286279,1,236600
SPY,30045,POV,-7.77736,-6.5365,1,236600
SPY,30045,AC,-8.81207,-7.57122,1,236600
SPY,30045,Adaptive,-9.68341,-8.44255,1,236600
SPY,30012,TWAP,35.4234,-0.741817,1,236600
SPY,30012,VWAP,34.9452,-1.21998,1,236600
SPY,30012,POV,19.2637,-16.9015,1,236600
SPY,30012,AC,11.9627,-24.2025,1,236600
SPY,30012,Adaptive,27.5326,-8.63263,0.932375,236600
SPY,30013,TWAP,20.3995,-0.151963,1,236600
SPY,30013,VWAP,20.3829,-0.168513,1,236600
SPY,30013,POV,20.2898,-0.261662,1,236600
SPY,30013,AC,17.5975,-2.95396,1,236600
SPY,30013,Adaptive,17.8329,-2.71856,0.962806,236600
SPY,30020,TWAP,-22.4149,1.38031,1,236600
SPY,30020,VWAP,-22.1585,1.63679,1,236600
SPY,30020,POV,-15.9024,7.89289,1,236600
SPY,30020,AC,-10.6439,13.1513,1,236600
SPY,30020,Adaptive,-10.2115,13.5838,1,236600
SPY,30021,TWAP,-9.97081,0.746078,1,236600
SPY,30021,VWAP,-9.92078,0.79611,1,236600
SPY,30021,POV,-8.25508,2.4618,1,236600
SPY,30021,AC,-5.6083,5.10859,1,236600
SPY,30021,Adaptive,-5.52037,5.19651,1,236600
SPY,30002,TWAP,20.3314,0.00969423,1,236600
SPY,30002,VWAP,19.8404,-0.481369,1,236600
SPY,30002,POV,5.80586,-14.5159,1,236600
SPY,30002,AC,-0.430905,-20.7526,1,236600
SPY,30002,Adaptive,2.05326,-18.2685,1,236600
SPY,30003,TWAP,5.4135,0.237541,1,236600
SPY,30003,VWAP,5.28312,0.107154,1,236600
SPY,30003,POV,2.2566,-2.91936,1,236600
SPY,30003,AC,-1.05214,-6.2281,1,236600
SPY,30003,Adaptive,-1.75378,-6.92974,1,236600
SPY,30000,TWAP,0.261374,0.78949,1,236600
SPY,30000,VWAP,0.285328,0.813444,1,236600
SPY,30000,POV,1.895,2.42312,1,236600
SPY,30000,AC,1.40437,1.93249,1,236600
SPY,30000,Adaptive,0.593358,1.12147,1,236600
SPY,30001,TWAP,-3.70856,0.962904,1,236600
SPY,30001,VWAP,-3.60877,1.0627,1,236600
SPY,30001,POV,0.997424,5.66889,1,236600
SPY,30001,AC,2.89509,7.56656,1,236600
SPY,30001,Adaptive,1.12215,5.79361,1,236600
SPY,30028,TWAP,7.89914,-0.0268869,1,236600
SPY,30028,VWAP,7.83419,-0.0918356,1,236600
SPY,30028,POV,4.87268,-3.05335,1,236600
SPY,30028,AC,3.30019,-4.62584,1,236600
SPY,30028,Adaptive,3.27303,-4.653,1,236600
SPY,30029,TWAP,-16.1992,1.11694,1,236600
SPY,30029,VWAP,-15.9036,1.41261,1,236600
SPY,30029,POV,-5.56371,11.7525,1,236600
SPY,30029,AC,-4.72182,12.5944,1,236600
SPY,30029,Adaptive,-4.92925,12.3869,1,236600
SPY,30022,TWAP,5.97643,0.287379,1,236600
SPY,30022,VWAP,5.99467,0.305617,1,236600
SPY,30022,POV,5.27174,-0.417313,1,236600
SPY,30022,AC,5.1953,-0.493749,1,236600
SPY,30022,Adaptive,4.32026,-1.36879,1,236600
SPY,30023,TWAP,0.916632,0.352021,1,236600
SPY,30023,VWAP,0.861156,0.296545,1,236600
SPY,30023,POV,-2.50801,-3.07262,1,236600
SPY,30023,AC,-1.51734,-2.08195,1,236600
SPY,30023,Adaptive,-1.55785,-2.12246,1,236600
SPY,30026,TWAP,21.9404,-0.536685,1,236600
SPY,30026,VWAP,21.5475,-0.92959,1,236600
SPY,30026,POV,10.2282,-12.2489,1,236600
SPY,30026,AC,7.13533,-15.3418,1,236600
SPY,30026,Adaptive,14.5675,-7.9096,0.974218,236600
SPY,30027,TWAP,-22.9231,1.58281,1,236600
SPY,30027,VWAP,-22.6711,1.83476,1,236600
SPY,30027,POV,-13.865,10.6409,1,236600
SPY,30027,AC,-10.4241,14.0817,1,236600
SPY,30027,Adaptive,-9.86617,14.6397,1,236600
SPY,30032,TWAP,-8.49996,0.785002,1,236600
SPY,30032,VWAP,-8.51166,0.773297,1,236600
SPY,30032,POV,-9.62592,-0.340958,1,236600
SPY,30032,AC,-7.4819,1.80306,1,236600
SPY,30032,Adaptive,-7.602,1.68296,1,236600
SPY,30033,TWAP,6.2243,0.284074,1,236600
SPY,30033,VWAP,6.26214,0.321911,1,236600
SPY,30033,POV,6.49999,0.559766,1,236600
SPY,30033,AC,7.23158,1.29135,1,236600
SPY,30033,Adaptive,3.52972,-2.41051,1,236600
SPY,30036,TWAP,-14.1493,1.0995,1,236600
SPY,30036,VWAP,-13.9426,1.30621,1,236600
SPY,30036,POV,-9.53097,5.71783,1,236600
SPY,30036,AC,-8.77413,6.47468,1,236600
SPY,30036,Adaptive,-9.08444,6.16436,1,236600
SPY,30037,TWAP,-7.32451,0.268762,1,236600
SPY,30037,VWAP,-7.5046,0.088669,1,236600
SPY,30037,POV,-17.5453,-9.95204,1,236600
SPY,30037,AC,-14.5153,-6.92199,1,236600
SPY,30037,Adaptive,-15.0552,-7.46188,1,236600
SPY,30038,TWAP,10.4429,0.262742,1,236600
SPY,30038,VWAP,10.2783,0.0981654,1,236600
SPY,30038,POV,7.70424,-2.47594,1,236600
SPY,30038,AC,5.56246,-4.61773,1,236600
SPY,30038,Adaptive,5.9865,-4.19368,1,236600
SPY,30039,TWAP,-19.1942,0.665971,1,236600
SPY,30039,VWAP,-18.9224,0.937743,1,236600
SPY,30039,POV,-11.8801,7.98008,1,236600
SPY,30039,AC,-5.3938,14.4664,1,236600
SPY,30039,Adaptive,-4.68981,15.1703,1,236600
SPY,30040,TWAP,-27.2078,0.269226,1,236600
SPY,30040,VWAP,-26.9801,0.496955,1,236600
SPY,30040,POV,-21.9822,5.49485,1,236600
SPY,30040,AC,-14.4012,13.0758,1,236600
SPY,30040,Adaptive,-13.9464,13.5306,1,236600
SPY,30041,TWAP,3.45649,0.942577,1,236600
SPY,30041,VWAP,3.64938,1.13546,1,236600
SPY,30041,POV,11.662,9.14812,1,236600
SPY,30041,AC,10.9027,8.38877,1,236600
SPY,30041,Adaptive,6.84162,4.3277,1,236600
SPY,30052,TWAP,-0.352781,0.338492,1,236600
SPY,30052,VWAP,-0.353816,0.337458,1,236600
SPY,30052,POV,-2.86722,-2.17595,1,236600
SPY,30052,AC,-1.03395,-0.342681,1,236600
SPY,30052,Adaptive,-2.24419,-1.55292,1,236600
SPY,30053,TWAP,-0.54055,0.601554,1,236600
SPY,30053,VWAP,-0.49912,0.642984,1,236600
SPY,30053,POV,0.466292,1.6084,1,236600
SPY,30053,AC,-0.56739,0.574714,1,236600
SPY,30053,Adaptive,-0.876781,0.265323,1,236600
AAPL,30002,TWAP,40.0547,0.121187,1,240600
AAPL,30002,VWAP,39.1091,-0.824394,1,240600
AAPL,30002,POV,11.779,-28.1545,1,240600
AAPL,30002,AC,-1.31879,-41.2523,1,240600
AAPL,30002,Adaptive,1.65477,-38.2788,1,240600
AAPL,30003,TWAP,10.8594,0.48101,1,240600
AAPL,30003,VWAP,10.7217,0.343384,1,240600
AAPL,30003,POV,4.96389,-5.41447,1,240600
AAPL,30003,AC,-1.39514,-11.7735,1,240600
AAPL,30003,Adaptive,-3.68926,-14.0676,1,240600
AAPL,30000,TWAP,0.960797,1.69627,1,240600
AAPL,30000,VWAP,0.917458,1.65293,1,240600
AAPL,30000,POV,4.2596,4.99507,1,240600
AAPL,30000,AC,2.07348,2.80896,1,240600
AAPL,30000,Adaptive,0.65063,1.3861,1,240600
AAPL,30001,TWAP,-7.09512,1.80685,1,240600
AAPL,30001,VWAP,-6.69297,2.20899,1,240600
AAPL,30001,POV,2.1099,11.0119,1,240600
AAPL,30001,AC,6.16326,15.0652,1,240600
AAPL,30001,Adaptive,2.23883,11.1408,1,240600
AAPL,30022,TWAP,12.0009,0.690899,1,240600
AAPL,30022,VWAP,12.0629,0.752987,1,240600
AAPL,30022,POV,10.6825,-0.62748,1,240600
AAPL,30022,AC,10.837,-0.473008,1,240600
AAPL,30022,Adaptive,8.89593,-2.41403,1,240600
AAPL,30023,TWAP,2.17973,0.774154,1,240600
AAPL,30023,VWAP,1.94659,0.541019,1,240600
AAPL,30023,POV,-4.42535,-5.83092,1,240600
AAPL,30023,AC,-2.33923,-3.7448,1,240600
AAPL,30023,Adaptive,-2.49927,-3.90484,1,240600
AAPL,30012,TWAP,69.5381,-1.27447,1,240600
AAPL,30012,VWAP,68.5401,-2.27249,1,240600
AAPL,30012,POV,37.924,-32.8885,1,240600
AAPL,30012,AC,21.8166,-48.996,1,240600
AAPL,30012,Adaptive,55.5106,-15.302,0.932253,240600
AAPL,30013,TWAP,40.0679,-0.312368,1,240600
AAPL,30013,VWAP,39.9831,-0.397144,1,240600
AAPL,30013,POV,40.2078,-0.172433,1,240600
AAPL,30013,AC,33.7587,-6.62154,1,240600
AAPL,30013,Adaptive,34.9137,-5.4666,0.947631,240600
AAPL,30034,TWAP,20.4972,0.933612,1,240600
AAPL,30034,VWAP,20.5593,0.995699,1,240600
AAPL,30034,POV,29.6919,10.1283,1,240600
AAPL,30034,AC,22.5505,2.98685,1,240600
AAPL,30034,Adaptive,14.6276,-4.93605,1,240600
AAPL,30035,TWAP,-2.30988,0.0218462,1,240600
AAPL,30035,VWAP,-2.78838,-0.45665,1,240600
AAPL,30035,POV,-17.9431,-15.6113,1,240600
AAPL,30035,AC,-10.8803,-8.54857,1,240600
AAPL,30035,Adaptive,-10.157,-7.82525,1,240600
AAPL,30006,TWAP,1.11323,0.68829,1,240600
AAPL,30006,VWAP,1.22464,0.799695,1,240600
AAPL,30006,POV,6.04003,5.61509,1,240600
AAPL,30006,AC,8.73834,8.31339,1,240600
AAPL,30006,Adaptive,5.43206,5.00712,1,240600
AAPL,30007,TWAP,16.9158,-0.190746,1,240600
AAPL,30007,VWAP,16.4542,-0.652396,1,240600
AAPL,30007,POV,3.82797,-13.2786,1,240600
AAPL,30007,AC,2.46598,-14.6406,1,240600
AAPL,30007,Adaptive,2.71528,-14.3913,1,240600
AAPL,30020,TWAP,-43.3257,2.84033,1,240600
AAPL,30020,VWAP,-42.8957,3.27032,1,240600
AAPL,30020,POV,-30.6333,15.5327,1,240600
AAPL,30020,AC,-21.1843,24.9817,1,240600
AAPL,30020,Adaptive,-20.1661,25.9999,1,240600
AAPL,30021,TWAP,-19.0085,1.60114,1,240600
AAPL,30021,VWAP,-18.8885,1.72111,1,240600
AAPL,30021,POV,-15.7079,4.90171,1,240600
AAPL,30021,AC,-9.48352,11.1261,1,240600
AAPL,30021,Adaptive,-8.79934,11.8103,1,240600
AAPL,30014,TWAP,3.37909,-0.0258812,1,240600
AAPL,30014,VWAP,3.0548,-0.350177,1,240600
AAPL,30014,POV,-8.8314,-12.2364,1,240600
AAPL,30014,AC,-5.36345,-8.76843,1,240600
AAPL,30014,Adaptive,-9.81271,-13.2177,1,240600
AAPL,30015,TWAP,15.5737,0.379333,1,240600
AAPL,30015,VWAP,15.4282,0.233827,1,240600
AAPL,30015,POV,10.3119,-4.8825,1,240600
AAPL,30015,AC,4.46176,-10.7326,1,240600
AAPL,30015,Adaptive,5.03766,-10.1567,1,240600
AAPL,30052,TWAP,-0.283403,0.817085,1,240600
AAPL,30052,VWAP,-0.324432,0.776056,1,240600
AAPL,30052,POV,-4.96117,-3.86069,1,240600
AAPL,30052,AC,-2.04821,-0.947727,1,240600
AAPL,30052,Adaptive,-4.31788,-3.21739,1,240600
AAPL,30053,TWAP,-0.701306,1.10197,1,240600
AAPL,30053,VWAP,-0.538546,1.26473,1,240600
AAPL,30053,POV,1.37286,3.17613,1,240600
AAPL,30053,AC,-0.483795,1.31948,1,240600
AAPL,30053,Adaptive,-0.889743,0.913532,1,240600
AAPL,30008,TWAP,-45.3511,2.55829,1,240600
AAPL,30008,VWAP,-44.573,3.33635,1,240600
AAPL,30008,POV,-17.6574,30.252,1,240600
AAPL,30008,AC,-4.85194,43.0574,1,240600
AAPL,30008,Adaptive,-6.13568,41.7737,1,240600
AAPL,30009,TWAP,14.4107,1.53721,1,240600
AAPL,30009,VWAP,14.4903,1.61682,1,240600
AAPL,30009,POV,16.0109,3.13736,1,240600
AAPL,30009,AC,15.84,2.96645,1,240600
AAPL,30009,Adaptive,10.9554,-1.9181,1,240600
AAPL,30010,TWAP,25.2467,1.22124,1,240600
AAPL,30010,VWAP,25.0813,1.05576,1,240600
AAPL,30010,POV,18.4816,-5.54388,1,240600
AAPL,30010,AC,12.861,-11.1645,1,240600
AAPL,30010,Adaptive,16.241,-7.78447,0.999584,240600
AAPL,30011,TWAP,-28.5742,1.5748,1,240600
AAPL,30011,VWAP,-28.4608,1.68824,1,240600
AAPL,30011,POV,-29.2077,0.941288,1,240600
AAPL,30011,AC,-21.3858,8.76325,1,240600
AAPL,30011,Adaptive,-21.3462,8.80279,1,240600
AAPL,30018,TWAP,-14.2821,1.92015,1,240600
AAPL,30018,VWAP,-14.2112,1.99107,1,240600
AAPL,30018,POV,-9.45391,6.74832,1,240600
AAPL,30018,AC,-4.81159,11.3906,1,240600
AAPL,30018,Adaptive,-5.02802,11.1742,1,240600
AAPL,30019,TWAP,-25.9927,1.25795,1,240600
AAPL,30019,VWAP,-26.0346,1.2161,1,240600
AAPL,30019,POV,-26.6677,0.582999,1,240600
AAPL,30019,AC,-18.9612,8.28948,1,240600
AAPL,30019,Adaptive,-19.0064,8.24424,1,240600
AAPL,30036,TWAP,-27.1181,2.32815,1,240600
AAPL,30036,VWAP,-26.7362,2.71005,1,240600
AAPL,30036,POV,-18.1717,11.2745,1,240600
AAPL,30036,AC,-15.8801,13.5662,1,240600
AAPL,30036,Adaptive,-16.7981,12.6482,1,240600
AAPL,30037,TWAP,-13.7704,0.655766,1,240600
AAPL,30037,VWAP,-14.2992,0.127001,1,240600
AAPL,30037,POV,-33.5063,-19.0801,1,240600
AAPL,30037,AC,-23.8679,-9.44171,1,240600
AAPL,30037,Adaptive,-24.5002,-10.074,1,240600
AAPL,30004,TWAP,-4.60753,0.491756,1,240600
AAPL,30004,VWAP,-4.58145,0.517841,1,240600
AAPL,30004,POV,-2.28787,2.81142,1,240600
AAPL,30004,AC,-1.01677,4.08252,1,240600
AAPL,30004,Adaptive,-3.80488,1.29441,1,240600
AAPL,30005,TWAP,28.0714,0.499269,1,240600
AAPL,30005,VWAP,27.8202,0.248066,1,240600
AAPL,30005,POV,22.699,-4.87315,1,240600
AAPL,30005,AC,16.3997,-11.1724,1,240600
AAPL,30005,Adaptive,20.0041,-7.56806,0.988362,240600
AAPL,30030,TWAP,-5.19214,1.41624,1,240600
AAPL,30030,VWAP,-5.1204,1.48797,1,240600
AAPL,30030,POV,-4.47181,2.13656,1,240600
AAPL,30030,AC,-6.05022,0.558151,1,240600
AAPL,30030,Adaptive,-7.20829,-0.599914,1,240600
AAPL,30031,TWAP,-41.6967,1.26588,1,240600
AAPL,30031,VWAP,-41.5571,1.40555,1,240600
AAPL,30031,POV,-34.7095,8.25313,1,240600
AAPL,30031,AC,-18.4092,24.5534,1,240600
AAPL,30031,Adaptive,-16.2823,26.6803,1,240600
AAPL,30026,TWAP,43.128,-0.907853,1,240600
AAPL,30026,VWAP,42.3893,-1.64652,1,240600
AAPL,30026,POV,20.1316,-23.9042,1,240600
AAPL,30026,AC,14.5463,-29.4895,1,240600
AAPL,30026,Adaptive,30.3389,-13.697,0.974647,240600
AAPL,30027,TWAP,-44.3015,3.09024,1,240600
AAPL,30027,VWAP,-43.6987,3.69305,1,240600
AAPL,30027,POV,-26.3366,21.0552,1,240600
AAPL,30027,AC,-19.1847,28.2071,1,240600
AAPL,30027,Adaptive,-18.0538,29.338,1,240600
AAPL,30016,TWAP,29.1877,0.406179,1,240600
AAPL,30016,VWAP,28.7688,-0.0128115,1,240600
AAPL,30016,POV,18.0221,-10.7594,1,240600
AAPL,30016,AC,10.6074,-18.1742,1,240600
AAPL,30016,Adaptive,14.964,-13.8175,0.999584,240600
AAPL,30017,TWAP,-66.8895,3.19302,1,240600
AAPL,30017,VWAP,-66.1248,3.95777,1,240600
AAPL,30017,POV,-43.0033,27.0793,1,240600
AAPL,30017,AC,-32.8761,37.2065,1,240600
AAPL,30017,Adaptive,-31.1194,38.9631,1,240600
AAPL,30050,TWAP,4.16545,0.705993,1,240600
AAPL,30050,VWAP,3.98353,0.524077,1,240600
AAPL,30050,POV,1.04082,-2.41864,1,240600
AAPL,30050,AC,2.79028,-0.669175,1,240600
AAPL,30050,Adaptive,0.941913,-2.51754,1,240600
AAPL,30051,TWAP,7.92236,0.485901,1,240600
AAPL,30051,VWAP,7.96924,0.532772,1,240600
AAPL,30051,POV,9.54113,2.10466,1,240600
AAPL,30051,AC,5.81519,-1.62128,1,240600
AAPL,30051,Adaptive,3.90541,-3.53105,1,240600
AAPL,30044,TWAP,16.0477,0.112424,1,240600
AAPL,30044,VWAP,15.6282,-0.30711,1,240600
AAPL,30044,POV,1.38862,-14.5467,1,240600
AAPL,30044,AC,-1.25317,-17.1884,1,240600
AAPL,30044,Adaptive,-1.81929,-17.7546,1,240600
AAPL,30045,TWAP,-1.06962,0.92978,1,240600
AAPL,30045,VWAP,-1.35112,0.64828,1,240600
AAPL,30045,POV,-14.8394,-12.84,1,240600
AAPL,30045,AC,-16.1443,-14.1449,1,240600
AAPL,30045,Adaptive,-17.8451,-15.8457,1,240600
AAPL,30024,TWAP,72.1872,-0.254288,1,240600
AAPL,30024,VWAP,71.2812,-1.16033,1,240600
AAPL,30024,POV,42.3484,-30.0931,1,240600
AAPL,30024,AC,34.4106,-38.0309,1,240600
AAPL,30024,Adaptive,61.5181,-10.9234,0.923109,240600
AAPL,30025,TWAP,37.0248,-1.44325,1,240600
AAPL,30025,VWAP,36.5482,-1.91984,1,240600
AAPL,30025,POV,18.3746,-20.0935,1,240600
AAPL,30025,AC,13.9935,-24.4745,1,240600
AAPL,30025,Adaptive,28.8547,-9.61335,0.990441,240600
AAPL,30046,TWAP,-5.49524,1.04231,1,240600
AAPL,30046,VWAP,-5.17841,1.35914,1,240600
AAPL,30046,POV,2.42088,8.95843,1,240600
AAPL,30046,AC,6.09329,12.6308,1,240600
AAPL,30046,Adaptive,2.71922,9.25677,1,240600
AAPL,30047,TWAP,10.8942,0.624749,1,240600
AAPL,30047,VWAP,10.5909,0.321511,1,240600
AAPL,30047,POV,1.80014,-8.46927,1,240600
AAPL,30047,AC,-2.40865,-12.6781,1,240600
AAPL,30047,Adaptive,-3.12178,-13.3912,1,240600
AAPL,30040,TWAP,-52.5561,0.583298,1,240600
AAPL,30040,VWAP,-52.2113,0.928109,1,240600
AAPL,30040,POV,-42.5043,10.6351,1,240600
AAPL,30040,AC,-27.33,25.8094,1,240600
AAPL,30040,Adaptive,-26.4462,26.6931,1,240600
AAPL,30041,TWAP,7.06441,1.83437,1,240600
AAPL,30041,VWAP,7.50854,2.2785,1,240600
AAPL,30041,POV,23.3717,18.1417,1,240600
AAPL,30041,AC,20.4198,15.1898,1,240600
AAPL,30041,Adaptive,12.5927,7.36262,1,240600
AAPL,30028,TWAP,15.8848,0.134759,1,240600
AAPL,30028,VWAP,15.639,-0.111011,1,240600
AAPL,30028,POV,10.118,-5.63206,1,240600
AAPL,30028,AC,6.85913,-8.89092,1,240600
AAPL,30028,Adaptive,7.41982,-8.33023,1,240600
AAPL,30029,TWAP,-31.2224,2.16817,1,240600
AAPL,30029,VWAP,-30.6067,2.78388,1,240600
AAPL,30029,POV,-10.6098,22.7807,1,240600
AAPL,30029,AC,-8.17099,25.2196,1,240600
AAPL,30029,Adaptive,-8.63481,24.7557,1,240600
AAPL,30058,TWAP,-23.0921,1.30381,1,240600
AAPL,30058,VWAP,-22.909,1.48695,1,240600
AAPL,30058,POV,-21.5516,2.84432,1,240600
AAPL,30058,AC,-16.8892,7.50674,1,240600
AAPL,30058,Adaptive,-16.6149,7.78104,1,240600
AAPL,30059,TWAP,24.2429,0.495221,1,240600
AAPL,30059,VWAP,23.7528,0.00517624,1,240600
AAPL,30059,POV,10.5819,-13.1657,1,240600
AAPL,30059,AC,8.06936,-15.6783,1,240600
AAPL,30059,Adaptive,9.83852,-13.9091,1,240600
AAPL,30038,TWAP,20.7128,0.582633,1,240600
AAPL,30038,VWAP,20.4297,0.299502,1,240600
AAPL,30038,POV,14.9419,-5.18826,1,240600
AAPL,30038,AC,10.2033,-9.9269,1,240600
AAPL,30038,Adaptive,11.535,-8.59521,1,240600
AAPL,30039,TWAP,-36.8421,1.66956,1,240600
AAPL,30039,VWAP,-36.4326,2.07904,1,240600
AAPL,30039,POV,-22.6623,15.8493,1,240600
AAPL,30039,AC,-8.11284,30.3988,1,240600
AAPL,30039,Adaptive,-8.77882,29.7328,1,240600
AAPL,30042,TWAP,19.616,0.711631,1,240600
AAPL,30042,VWAP,19.7053,0.800891,1,240600
AAPL,30042,POV,23.8452,4.9408,1,240600
AAPL,30042,AC,17.8315,-1.07288,1,240600
AAPL,30042,Adaptive,15.0627,-3.84169,1,240600
AAPL,30043,TWAP,-8.88058,0.903954,1,240600
AAPL,30043,VWAP,-8.97949,0.805048,1,240600
AAPL,30043,POV,-7.7342,2.05033,1,240600
AAPL,30043,AC,-2.85658,6.92796,1,240600
AAPL,30043,Adaptive,-3.26769,6.51685,1,240600
AAPL,30056,TWAP,11.424,1.36707,1,240600
AAPL,30056,VWAP,11.3054,1.24847,1,240600
AAPL,30056,POV,10.2918,0.234819,1,240600
AAPL,30056,AC,10.7784,0.721467,1,240600
AAPL,30056,Adaptive,6.59869,-3.45824,1,240600
AAPL,30057,TWAP,-4.38404,1.93559,1,240600
AAPL,30057,VWAP,-4.22604,2.09359,1,240600
AAPL,30057,POV,-0.33761,5.98202,1,240600
AAPL,30057,AC,-0.76122,5.55841,1,240600
AAPL,30057,Adaptive,-1.54132,4.77831,1,240600
AAPL,30054,TWAP,32.0526,0.596096,1,240600
AAPL,30054,VWAP,31.5737,0.117192,1,240600
AAPL,30054,POV,24.7442,-6.71232,1,240600
AAPL,30054,AC,16.9536,-14.5029,1,240600
AAPL,30054,Adaptive,25.6777,-5.77876,0.958022,240600
AAPL,30055,TWAP,-47.9207,2.36395,1,240600
AAPL,30055,VWAP,-47.4673,2.81731,1,240600
AAPL,30055,POV,-34.7672,15.5174,1,240600
AAPL,30055,AC,-24.4927,25.7919,1,240600
AAPL,30055,Adaptive,-23.7293,26.5553,1,240600
AAPL,30032,TWAP,-16.2287,1.54257,1,240600
AAPL,30032,VWAP,-16.222,1.54923,1,240600
AAPL,30032,POV,-18.1867,-0.415431,1,240600
AAPL,30032,AC,-13.6973,4.0739,1,240600
AAPL,30032,Adaptive,-13.811,3.96019,1,240600
AAPL,30033,TWAP,12.5923,0.791978,1,240600
AAPL,30033,VWAP,12.5644,0.764127,1,240600
AAPL,30033,POV,12.9163,1.116,1,240600
AAPL,30033,AC,15.384,3.58375,1,240600
AAPL,30033,Adaptive,6.9329,-4.86738,1,240600
AAPL,30048,TWAP,0.57781,1.87987,1,240600
AAPL,30048,VWAP,0.767741,2.0698,1,240600
AAPL,30048,POV,8.13648,9.43854,1,240600
AAPL,30048,AC,2.60048,3.90255,1,240600
AAPL,30048,Adaptive,0.944358,2.24642,1,240600
AAPL,30049,TWAP,5.30123,0.267317,1,240600
AAPL,30049,VWAP,5.51983,0.485914,1,240600
AAPL,30049,POV,8.58278,3.54886,1,240600
AAPL,30049,AC,6.0778,1.04389,1,240600
AAPL,30049,Adaptive,5.08223,0.0483116,1,240600
MSFT,30000,TWAP,0.757125,1.71596,1,165100
MSFT,30000,VWAP,0.83244,1.79127,1,165100
MSFT,30000,POV,4.96462,5.92345,1,165100
MSFT,30000,AC,3.92928,4.88811,1,165100
MSFT,30000,Adaptive,2.09592,3.05475,1,165100
MSFT,30001,TWAP,-9.35882,2.02267,1,165100
MSFT,30001,VWAP,-9.07871,2.30278,1,165100
MSFT,30001,POV,1.73011,13.1116,1,165100
MSFT,30001,AC,5.04336,16.4249,1,165100
MSFT,30001,Adaptive,1.31025,12.6917,1,165100
MSFT,30002,TWAP,50.1776,-0.293867,1,165100
MSFT,30002,VWAP,49.3543,-1.1172,1,165100
MSFT,30002,POV,16.4609,-34.0106,1,165100
MSFT,30002,AC,3.24289,-47.2286,1,165100
MSFT,30002,Adaptive,13.0383,-37.4333,0.981829,165100
MSFT,30003,TWAP,13.3912,0.515984,1,165100
MSFT,30003,VWAP,13.1042,0.228906,1,165100
MSFT,30003,POV,6.90545,-5.9698,1,165100
MSFT,30003,AC,-1.36882,-14.2441,1,165100
MSFT,30003,Adaptive,-2.31527,-15.1905,1,165100
MSFT,30004,TWAP,-6.29792,0.205309,1,165100
MSFT,30004,VWAP,-6.42617,0.0770533,1,165100
MSFT,30004,POV,-5.29388,1.20935,1,165100
MSFT,30004,AC,-1.49499,5.00824,1,165100
MSFT,30004,Adaptive,-3.57716,2.92607,1,165100
MSFT,30005,TWAP,35.4011,0.277602,1,165100
MSFT,30005,VWAP,35.2815,0.158027,1,165100
MSFT,30005,POV,31.0037,-4.11977,1,165100
MSFT,30005,AC,22.6741,-12.4494,1,165100
MSFT,30005,Adaptive,25.9615,-9.16203,0.980012,165100
MSFT,30012,TWAP,88.0333,-1.8647,1,165100
MSFT,30012,VWAP,87.0385,-2.85945,1,165100
MSFT,30012,POV,50.9293,-38.9686,1,165100
MSFT,30012,AC,33.018,-56.8799,1,165100
MSFT,30012,Adaptive,71.9346,-17.9634,0.920654,165100
MSFT,30013,TWAP,50.6047,-0.724698,1,165100
MSFT,30013,VWAP,50.4834,-0.845985,1,165100
MSFT,30013,POV,50.699,-0.630432,1,165100
MSFT,30013,AC,43.7799,-7.54952,1,165100
MSFT,30013,Adaptive,43.8387,-7.49071,0.969715,165100
MSFT,30014,TWAP,4.25549,0.292319,1,165100
MSFT,30014,VWAP,3.37188,-0.591289,1,165100
MSFT,30014,POV,-10.7738,-14.737,1,165100
MSFT,30014,AC,-11.1152,-15.0783,1,165100
MSFT,30014,Adaptive,-13.1435,-17.1067,1,165100
MSFT,30015,TWAP,19.4216,0.0464626,1,165100
MSFT,30015,VWAP,19.1283,-0.246851,1,165100
MSFT,30015,POV,13.0105,-6.36461,1,165100
MSFT,30015,AC,7.65921,-11.7159,1,165100
MSFT,30015,Adaptive,7.61728,-11.7578,1,165100
MSFT,30008,TWAP,-58.6319,2.56171,1,165100
MSFT,30008,VWAP,-57.5742,3.61942,1,165100
MSFT,30008,POV,-25.4371,35.7565,1,165100
MSFT,30008,AC,-10.9233,50.2703,1,165100
MSFT,30008,Adaptive,-9.96598,51.2276,1,165100
MSFT,30009,TWAP,17.832,1.57899,1,165100
MSFT,30009,VWAP,17.9271,1.67411,1,165100
MSFT,30009,POV,20.1481,3.89505,1,165100
MSFT,30009,AC,17.8897,1.6367,1,165100
MSFT,30009,Adaptive,14.9643,-1.28873,1,165100
MSFT,30006,TWAP,0.952993,0.52236,1,165100
MSFT,30006,VWAP,1.04677,0.616137,1,165100
MSFT,30006,POV,6.79762,6.36698,1,165100
MSFT,30006,AC,9.45969,9.02905,1,165100
MSFT,30006,Adaptive,6.92245,6.49181,1,165100
MSFT,30007,TWAP,21.1131,-0.569927,1,165100
MSFT,30007,VWAP,20.7524,-0.930608,1,165100
MSFT,30007,POV,4.86155,-16.8215,1,165100
MSFT,30007,AC,3.29338,-18.3896,1,165100
MSFT,30007,Adaptive,4.08945,-17.5936,1,165100
MSFT,30016,TWAP,36.7701,0.462361,1,165100
MSFT,30016,VWAP,36.2699,-0.0378246,1,165100
MSFT,30016,POV,23.2162,-13.0915,1,165100
MSFT,30016,AC,14.5573,-21.7505,1,165100
MSFT,30016,Adaptive,19.4218,-16.8859,0.980618,165100
MSFT,30017,TWAP,-86.4992,2.78309,1,165100
MSFT,30017,VWAP,-85.1581,4.12421,1,165100
MSFT,30017,POV,-59.7495,29.5328,1,165100
MSFT,30017,AC,-47.1062,42.1761,1,165100
MSFT,30017,Adaptive,-45.8046,43.4777,1,165100
MSFT,30024,TWAP,91.5863,-0.269722,1,165100
MSFT,30024,VWAP,90.3834,-1.47256,1,165100
MSFT,30024,POV,55.0379,-36.8181,1,165100
MSFT,30024,AC,43.6283,-48.2277,1,165100
MSFT,30024,Adaptive,73.3566,-18.4994,0.913992,165100
MSFT,30025,TWAP,47.2169,-1.36388,1,165100
MSFT,30025,VWAP,46.541,-2.03976,1,165100
MSFT,30025,POV,23.4096,-25.1712,1,165100
MSFT,30025,AC,18.3382,-30.2426,1,165100
MSFT,30025,Adaptive,34.4394,-14.1414,0.965475,165100
MSFT,30030,TWAP,-7.0518,1.69879,1,165100
MSFT,30030,VWAP,-7.11893,1.63167,1,165100
MSFT,30030,POV,-5.68525,3.06534,1,165100
MSFT,30030,AC,-8.51788,0.232713,1,165100
MSFT,30030,Adaptive,-9.5707,-0.820109,1,165100
MSFT,30031,TWAP,-53.2125,1.48796,1,165100
MSFT,30031,VWAP,-53.5496,1.15088,0.998789,165100
MSFT,30031,POV,-46.8385,7.86199,1,165100
MSFT,30031,AC,-30.3346,24.3659,1,165100
MSFT,30031,Adaptive,-28.8664,25.8341,1,165100
MSFT,30010,TWAP,31.9266,1.43911,1,165100
MSFT,30010,VWAP,31.4918,1.00434,1,165100
MSFT,30010,POV,24.7407,-5.74675,1,165100
MSFT,30010,AC,19.153,-11.3345,1,165100
MSFT,30010,Adaptive,21.1228,-9.36469,0.990309,165100
MSFT,30011,TWAP,-36.784,1.90227,1,165100
MSFT,30011,VWAP,-36.768,1.91829,1,165100
MSFT,30011,POV,-37.9757,0.71056,1,165100
MSFT,30011,AC,-29.2792,9.40713,1,165100
MSFT,30011,Adaptive,-29.2745,9.41178,1,165100
MSFT,30020,TWAP,-55.653,3.22928,1,165100
MSFT,30020,VWAP,-55.2178,3.66454,1,165100
MSFT,30020,POV,-40.5923,18.29,1,165100
MSFT,30020,AC,-29.4025,29.4798,1,165100
MSFT,30020,Adaptive,-28.8682,30.0141,1,165100
MSFT,30021,TWAP,-24.645,1.69092,1,165100
MSFT,30021,VWAP,-24.5426,1.79325,1,165100
MSFT,30021,POV,-20.5191,5.81674,1,165100
MSFT,30021,AC,-16.4622,9.87373,1,165100
MSFT,30021,Adaptive,-16.7986,9.53726,1,165100
MSFT,30026,TWAP,54.3327,-1.74378,1,165100
MSFT,30026,VWAP,53.7644,-2.31206,1,165100
MSFT,30026,POV,26.7868,-29.2897,1,165100
MSFT,30026,AC,17.3354,-38.7411,1,165100
MSFT,30026,Adaptive,37.2215,-18.855,0.981829,165100
MSFT,30027,TWAP,-57.0111,3.15633,1,165100
MSFT,30027,VWAP,-56.5176,3.64992,1,165100
MSFT,30027,POV,-36.3193,23.8482,1,165100
MSFT,30027,AC,-26.7809,33.3865,1,165100
MSFT,30027,Adaptive,-25.5999,34.5676,1,165100
MSFT,30028,TWAP,19.7428,-0.167274,1,165100
MSFT,30028,VWAP,19.4439,-0.46609,1,165100
MSFT,30028,POV,12.5349,-7.37515,1,165100
MSFT,30028,AC,9.51911,-10.3909,1,165100
MSFT,30028,Adaptive,9.1841,-10.7259,1,165100
MSFT,30029,TWAP,-40.623,1.88515,1,165100
MSFT,30029,VWAP,-39.6575,2.85067,1,165100
MSFT,30029,POV,-14.1985,28.3096,1,165100
MSFT,30029,AC,-12.4731,30.035,1,165100
MSFT,30029,Adaptive,-13.3418,29.1663,1,165100
MSFT,30022,TWAP,15.1163,0.764081,1,165100
MSFT,30022,VWAP,15.0417,0.6895,1,165100
MSFT,30022,POV,12.8903,-1.46187,1,165100
MSFT,30022,AC,12.5269,-1.82524,1,165100
MSFT,30022,Adaptive,10.6726,-3.67963,1,165100
MSFT,30023,TWAP,2.37505,0.696259,1,165100
MSFT,30023,VWAP,2.21733,0.538538,1,165100
MSFT,30023,POV,-6.70971,-8.3885,1,165100
MSFT,30023,AC,-3.95753,-5.63632,1,165100
MSFT,30023,Adaptive,-4.07808,-5.75688,1,165100
MSFT,30018,TWAP,-18.8488,1.91581,1,165100
MSFT,30018,VWAP,-18.7491,2.01546,1,165100
MSFT,30018,POV,-13.8562,6.90837,1,165100
MSFT,30018,AC,-7.72487,13.0397,1,165100
MSFT,30018,Adaptive,-8.12529,12.6393,1,165100
MSFT,30019,TWAP,-33.5995,1.15389,1,165100
MSFT,30019,VWAP,-33.5018,1.25158,1,165100
MSFT,30019,POV,-35.3181,-0.564659,1,165100
MSFT,30019,AC,-28.9459,5.80754,1,165100
MSFT,30019,Adaptive,-28.4135,6.33988,1,165100
MSFT,30032,TWAP,-21.0336,1.72604,0.998183,165100
MSFT,30032,VWAP,-21.251,1.50859,1,165100
MSFT,30032,POV,-23.379,-0.619424,1,165100
MSFT,30032,AC,-19.15,3.60959,1,165100
MSFT,30032,Adaptive,-21.1442,1.61545,1,165100
MSFT,30033,TWAP,15.6024,0.66145,1,165100
MSFT,30033,VWAP,15.4282,0.487223,1,165100
MSFT,30033,POV,15.0738,0.1329,1,165100
MSFT,30033,AC,16.8536,1.91271,1,165100
MSFT,30033,Adaptive,8.90888,-6.03206,1,165100
MSFT,30034,TWAP,25.4074,0.524911,1,165100
MSFT,30034,VWAP,25.8183,0.935843,1,165100
MSFT,30034,POV,35.585,10.7025,1,165100
MSFT,30034,AC,32.7766,7.89405,1,165100
MSFT,30034,Adaptive,20.2524,-4.63014,1,165100
MSFT,30035,TWAP,-3.2056,-0.268548,1,165100
MSFT,30035,VWAP,-3.71141,-0.774358,1,165100
MSFT,30035,POV,-23.5415,-20.6045,1,165100
MSFT,30035,AC,-18.0636,-15.1265,1,165100
MSFT,30035,Adaptive,-18.4366,-15.4996,1,165100
MSFT,30050,TWAP,4.65248,0.558104,1,165100
MSFT,30050,VWAP,4.6268,0.532428,1,165100
MSFT,30050,POV,0.0117985,-4.08258,1,165100
MSFT,30050,AC,0.380916,-3.71346,1,165100
MSFT,30050,Adaptive,-0.171354,-4.26573,1,165100
MSFT,30051,TWAP,9.6322,0.471162,1,165100
MSFT,30051,VWAP,9.63538,0.47434,1,165100
MSFT,30051,POV,11.1056,1.94457,1,165100
MSFT,30051,AC,8.09325,-1.06779,1,165100
MSFT,30051,Adaptive,5.45099,-3.71005,1,165100
MSFT,30040,TWAP,-67.5199,0.462868,1,165100
MSFT,30040,VWAP,-66.9448,1.038,1,165100
MSFT,30040,POV,-56.9937,10.9891,1,165100
MSFT,30040,AC,-38.334,29.6488,1,165100
MSFT,30040,Adaptive,-36.831,31.1518,1,165100
MSFT,30041,TWAP,8.4076,1.78998,1,165100
MSFT,30041,VWAP,9.03127,2.41366,1,165100
MSFT,30041,POV,28.32,21.7024,1,165100
MSFT,30041,AC,27.5291,20.9115,1,165100
MSFT,30041,Adaptive,17.3324,10.7148,1,165100
MSFT,30046,TWAP,-7.48731,0.906665,1,165100
MSFT,30046,VWAP,-7.11929,1.27468,1,165100
MSFT,30046,POV,2.33275,10.7267,1,165100
MSFT,30046,AC,5.14215,13.5361,1,165100
MSFT,30046,Adaptive,3.07062,11.4646,1,165100
MSFT,30047,TWAP,13.6596,0.828091,1,165100
MSFT,30047,VWAP,13.1034,0.271909,1,165100
MSFT,30047,POV,2.43472,-10.3968,1,165100
MSFT,30047,AC,0.0197458,-12.8118,1,165100
MSFT,30047,Adaptive,-1.232,-14.0635,1,165100
MSFT,30048,TWAP,0.250459,2.19504,1,165100
MSFT,30048,VWAP,0.669583,2.61416,1,165100
MSFT,30048,POV,9.86389,11.8085,1,165100
MSFT,30048,AC,4.68329,6.62787,1,165100
MSFT,30048,Adaptive,2.4692,4.41377,1,165100
MSFT,30049,TWAP,6.58047,0.225275,0.996366,165100
MSFT,30049,VWAP,6.71337,0.358177,1,165100
MSFT,30049,POV,10.2175,3.86228,1,165100
MSFT,30049,AC,7.81351,1.45831,1,165100
MSFT,30049,Adaptive,5.93871,-0.416493,1,165100
MSFT,30036,TWAP,-35.1507,2.33455,1,165100
MSFT,30036,VWAP,-34.7334,2.75184,1,165100
MSFT,30036,POV,-23.4732,14.0121,1,165100
MSFT,30036,AC,-22.2161,15.2692,1,165100
MSFT,30036,Adaptive,-22.4799,15.0053,1,165100
MSFT,30037,TWAP,-17.9911,0.442026,1,165100
MSFT,30037,VWAP,-18.3947,0.0384299,1,165100
MSFT,30037,POV,-42.1239,-23.6908,1,165100
MSFT,30037,AC,-36.5168,-18.0837,1,165100
MSFT,30037,Adaptive,-37.9575,-19.5244,1,165100
MSFT,30044,TWAP,20.1193,0.00744185,0.996366,165100
MSFT,30044,VWAP,19.5393,-0.572582,1,165100
MSFT,30044,POV,3.0079,-17.104,1,165100
MSFT,30044,AC,-2.42775,-22.5396,1,165100
MSFT,30044,Adaptive,-2.94652,-23.0584,1,165100
MSFT,30045,TWAP,-1.7515,0.754914,1,165100
MSFT,30045,VWAP,-2.23824,0.268178,1,165100
MSFT,30045,POV,-17.3179,-14.8115,1,165100
MSFT,30045,AC,-21.5346,-19.0281,1,165100
MSFT,30045,Adaptive,-22.9927,-20.4863,1,165100
MSFT,30038,TWAP,25.9118,0.0737868,1,165100
MSFT,30038,VWAP,25.7433,-0.0946941,1,165100
MSFT,30038,POV,18.8032,-7.03481,1,165100
MSFT,30038,AC,14.0352,-11.8028,1,165100
MSFT,30038,Adaptive,15.0065,-10.8315,1,165100
MSFT,30039,TWAP,-47.5975,1.68978,1,165100
MSFT,30039,VWAP,-47.0684,2.21882,1,165100
MSFT,30039,POV,-32.872,16.4152,1,165100
MSFT,30039,AC,-19.2936,29.9937,1,165100
MSFT,30039,Adaptive,-18.1885,31.0987,1,165100
MSFT,30054,TWAP,40.147,0.172206,1,165100
MSFT,30054,VWAP,39.8427,-0.132111,1,165100
MSFT,30054,POV,31.3451,-8.62976,1,165100
MSFT,30054,AC,23.8088,-16.166,1,165100
MSFT,30054,Adaptive,30.9816,-8.99325,0.960024,165100
MSFT,30055,TWAP,-61.4097,2.72763,1,165100
MSFT,30055,VWAP,-61.0399,3.09748,1,165100
MSFT,30055,POV,-45.772,18.3654,1,165100
MSFT,30055,AC,-37.7859,26.3515,1,165100
MSFT,30055,Adaptive,-36.7982,27.3392,1,165100
MSFT,30052,TWAP,-0.763238,0.73052,1,165100
MSFT,30052,VWAP,-0.694158,0.799599,1,165100
MSFT,30052,POV,-7.14387,-5.65011,1,165100
MSFT,30052,AC,-4.36638,-2.87262,1,165100
MSFT,30052,Adaptive,-5.75201,-4.25825,1,165100
MSFT,30053,TWAP,-1.49939,1.07767,1,165100
MSFT,30053,VWAP,-1.05582,1.52125,1,165100
MSFT,30053,POV,0.954215,3.53128,1,165100
MSFT,30053,AC,-0.0543467,2.52272,1,165100
MSFT,30053,Adaptive,-0.851513,1.72556,1,165100
MSFT,30056,TWAP,14.1188,1.29735,0.994549,165100
MSFT,30056,VWAP,14.2102,1.38874,1,165100
MSFT,30056,POV,12.4706,-0.350841,1,165100
MSFT,30056,AC,12.5628,-0.258653,1,165100
MSFT,30056,Adaptive,9.03592,-3.7855,1,165100
MSFT,30057,TWAP,-6.1984,2.07446,1,165100
MSFT,30057,VWAP,-6.28215,1.99071,1,165100
MSFT,30057,POV,-0.0483557,8.2245,1,165100
MSFT,30057,AC,-2.21318,6.05968,1,165100
MSFT,30057,Adaptive,-2.85299,5.41987,1,165100
MSFT,30058,TWAP,-30.0953,0.940552,1,165100
MSFT,30058,VWAP,-29.7495,1.28632,1,165100
MSFT,30058,POV,-28.8387,2.19719,1,165100
MSFT,30058,AC,-25.6326,5.40322,1,165100
MSFT,30058,Adaptive,-27.064,3.97186,1,165100
MSFT,30059,TWAP,30.5671,0.321882,1,165100
MSFT,30059,VWAP,30.2721,0.0268575,1,165100
MSFT,30059,POV,12.6875,-17.5577,1,165100
MSFT,30059,AC,9.72549,-20.5197,1,165100
MSFT,30059,Adaptive,11.809,-18.4362,1,165100
MSFT,30042,TWAP,24.6836,0.706105,1,165100
MSFT,30042,VWAP,24.7354,0.757946,1,165100
MSFT,30042,POV,29.7797,5.80222,1,165100
MSFT,30042,AC,25.7214,1.74389,1,165100
MSFT,30042,Adaptive,20.932,-3.04547,1,165100
MSFT,30043,TWAP,-11.9602,0.760244,1,165100
MSFT,30043,VWAP,-11.9679,0.752542,1,165100
MSFT,30043,POV,-11.407,1.31349,1,165100
MSFT,30043,AC,-4.57606,8.14442,1,165100
MSFT,30043,Adaptive,-4.76264,7.95785,1,165100
XOM,30002,TWAP,40.0635,0.599861,1,72700
XOM,30002,VWAP,39.4682,0.00448181,1,72700
XOM,30002,POV,9.97841,-29.4853,1,72700
XOM,30002,AC,13.4656,-25.9981,1,72700
XOM,30002,Adaptive,7.89157,-31.5721,1,72700
XOM,30003,TWAP,10.6271,0.820988,1,72700
XOM,30003,VWAP,10.2181,0.41204,1,72700
XOM,30003,POV,3.19125,-6.61481,1,72700
XOM,30003,AC,3.65347,-6.1526,1,72700
XOM,30003,Adaptive,-0.533952,-10.34,1,72700
XOM,30004,TWAP,-4.90952,0.87835,1,72700
XOM,30004,VWAP,-4.91553,0.872336,1,72700
XOM,30004,POV,-2.77543,3.01244,1,72700
XOM,30004,AC,-3.04262,2.74525,1,72700
XOM,30004,Adaptive,-7.6493,-1.86143,1,72700
XOM,30005,TWAP,27.8492,0.533837,1,72700
XOM,30005,VWAP,27.7556,0.440191,1,72700
XOM,30005,POV,22.1283,-5.18713,1,72700
XOM,30005,AC,21.032,-6.28339,1,72700
XOM,30005,Adaptive,21.6149,-5.70047,0.993122,72700
XOM,30000,TWAP,0.51591,1.73386,1,72700
XOM,30000,VWAP,0.305422,1.52337,1,72700
XOM,30000,POV,3.8588,5.07675,1,72700
XOM,30000,AC,1.0228,2.24075,1,72700
XOM,30000,Adaptive,-1.94035,-0.722402,1,72700
XOM,30001,TWAP,-7.50582,1.79016,1,72700
XOM,30001,VWAP,-7.18794,2.10804,1,72700
XOM,30001,POV,2.47731,11.7733,1,72700
XOM,30001,AC,0.99187,10.2879,1,72700
XOM,30001,Adaptive,-2.19637,7.09961,1,72700
XOM,30012,TWAP,70.0731,-0.661748,1,72700
XOM,30012,VWAP,69.1538,-1.58102,1,72700
XOM,30012,POV,36.6648,-34.07,1,72700
XOM,30012,AC,38.6477,-32.0871,1,72700
XOM,30012,Adaptive,72.7338,1.99899,0.980743,72700
XOM,30013,TWAP,40.0532,-0.139137,1,72700
XOM,30013,VWAP,39.9742,-0.218177,1,72700
XOM,30013,POV,39.8702,-0.322132,1,72700
XOM,30013,AC,35.1072,-5.08517,1,72700
XOM,30013,Adaptive,35.0642,-5.12813,0.97249,72700
XOM,30014,TWAP,3.205,0.498441,1,72700
XOM,30014,VWAP,2.80808,0.101521,1,72700
XOM,30014,POV,-9.32632,-12.0329,1,72700
XOM,30014,AC,-2.76168,-5.46824,1,72700
XOM,30014,Adaptive,-7.61751,-10.3241,1,72700
XOM,30015,TWAP,15.5568,0.337582,1,72700
XOM,30015,VWAP,15.2715,0.0523499,1,72700
XOM,30015,POV,9.50417,-5.71501,1,72700
XOM,30015,AC,8.61067,-6.60851,1,72700
XOM,30015,Adaptive,7.01955,-8.19963,1,72700
XOM,30008,TWAP,-46.4735,2.35899,1,72700
XOM,30008,VWAP,-45.6522,3.18033,1,72700
XOM,30008,POV,-18.1574,30.6752,1,72700
XOM,30008,AC,-19.7588,29.0738,1,72700
XOM,30008,Adaptive,-15.0842,33.7483,1,72700
XOM,30009,TWAP,14.1693,1.64623,1,72700
XOM,30009,VWAP,14.1401,1.61702,1,72700
XOM,30009,POV,15.6392,3.11621,1,72700
XOM,30009,AC,14.3462,1.82321,1,72700
XOM,30009,Adaptive,9.84266,-2.68037,1,72700
XOM,30018,TWAP,-14.9803,1.70668,1,72700
XOM,30018,VWAP,-14.7999,1.8871,1,72700
XOM,30018,POV,-9.38646,7.3005,1,72700
XOM,30018,AC,-9.14419,7.54278,1,72700
XOM,30018,Adaptive,-8.93542,7.75155,1,72700
XOM,30019,TWAP,-26.8148,1.09392,1,72700
XOM,30019,VWAP,-26.6628,1.24599,1,72700
XOM,30019,POV,-27.5958,0.312968,1,72700
XOM,30019,AC,-21.7846,6.12415,1,72700
XOM,30019,Adaptive,-20.5887,7.32006,1,72700
XOM,30006,TWAP,0.662822,0.850199,1,72700
XOM,30006,VWAP,0.628456,0.815833,1,72700
XOM,30006,POV,6.11059,6.29796,1,72700
XOM,30006,AC,5.17843,5.3658,1,72700
XOM,30006,Adaptive,1.56319,1.75057,1,72700
XOM,30007,TWAP,16.5551,-0.423367,1,72700
XOM,30007,VWAP,16.5439,-0.434535,1,72700
XOM,30007,POV,3.10534,-13.8731,1,72700
XOM,30007,AC,5.82106,-11.1574,1,72700
XOM,30007,Adaptive,6.77813,-10.2003,1,72700
XOM,30020,TWAP,-44.0637,2.61403,1,72700
XOM,30020,VWAP,-43.6925,2.98517,1,72700
XOM,30020,POV,-31.5564,15.1213,1,72700
XOM,30020,AC,-29.1886,17.4891,1,72700
XOM,30020,Adaptive,-20.709,25.9687,1,72700
XOM,30021,TWAP,-19.6505,1.57512,1,72700
XOM,30021,VWAP,-19.3275,1.89816,1,72700
XOM,30021,POV,-15.7544,5.47129,1,72700
XOM,30021,AC,-13.2895,7.93615,1,72700
XOM,30021,Adaptive,-11.9097,9.31591,1,72700
XOM,30010,TWAP,25.033,1.27776,1,72700
XOM,30010,VWAP,24.9342,1.17896,1,72700
XOM,30010,POV,17.4322,-6.32299,1,72700
XOM,30010,AC,16.6625,-7.09278,1,72700
XOM,30010,Adaptive,20.697,-3.05829,1,72700
XOM,30011,TWAP,-29.2831,2.06088,1,72700
XOM,30011,VWAP,-29.2797,2.06431,1,72700
XOM,30011,POV,-29.1723,2.1717,1,72700
XOM,30011,AC,-24.7357,6.60827,1,72700
XOM,30011,Adaptive,-22.4754,8.86865,1,72700
XOM,30024,TWAP,72.574,-0.0866293,1,72700
XOM,30024,VWAP,71.7742,-0.886483,1,72700
XOM,30024,POV,41.7895,-30.8711,1,72700
XOM,30024,AC,46.3137,-26.3469,1,72700
XOM,30024,Adaptive,77.9221,5.26148,0.931224,72700
XOM,30025,TWAP,37.2104,-0.816764,1,72700
XOM,30025,VWAP,36.5463,-1.48087,1,72700
XOM,30025,POV,17.5955,-20.4316,1,72700
XOM,30025,AC,20.8413,-17.1858,1,72700
XOM,30025,Adaptive,48.4212,10.3941,1,72700
XOM,30022,TWAP,11.7946,0.999616,1,72700
XOM,30022,VWAP,11.4793,0.684314,1,72700
XOM,30022,POV,10.1966,-0.598372,1,72700
XOM,30022,AC,10.4217,-0.373279,1,72700
XOM,30022,Adaptive,9.33234,-1.46266,1,72700
XOM,30023,TWAP,1.80289,0.886826,1,72700
XOM,30023,VWAP,1.72213,0.806068,1,72700
XOM,30023,POV,-4.8889,-5.80497,1,72700
XOM,30023,AC,-1.84155,-2.75762,1,72700
XOM,30023,Adaptive,-2.97905,-3.89511,1,72700
XOM,30032,TWAP,-16.5413,1.99859,1,72700
XOM,30032,VWAP,-16.7561,1.7838,1,72700
XOM,30032,POV,-19.2974,-0.757512,1,72700
XOM,30032,AC,-14.9915,3.54847,1,72700
XOM,30032,Adaptive,-14.6865,3.85346,1,72700
XOM,30033,TWAP,12.3204,0.963275,1,72700
XOM,30033,VWAP,12.1692,0.812067,1,72700
XOM,30033,POV,14.043,2.68584,1,72700
XOM,30033,AC,12.5713,1.21414,1,72700
XOM,30033,Adaptive,6.96285,-4.39428,1,72700
XOM,30026,TWAP,43.3119,-0.503066,1,72700
XOM,30026,VWAP,42.7904,-1.02456,1,72700
XOM,30026,POV,19.178,-24.637,1,72700
XOM,30026,AC,23.2976,-20.5174,1,72700
XOM,30026,Adaptive,49.4023,5.58733,1,72700
XOM,30027,TWAP,-45.2682,2.84608,1,72700
XOM,30027,VWAP,-44.7149,3.39936,1,72700
XOM,30027,POV,-26.3982,21.7161,1,72700
XOM,30027,AC,-28.0683,20.0459,1,72700
XOM,30027,Adaptive,-19.8567,28.2575,1,72700
XOM,30038,TWAP,20.703,0.934694,1,72700
XOM,30038,VWAP,20.4607,0.692419,1,72700
XOM,30038,POV,13.8531,-5.91518,1,72700
XOM,30038,AC,12.6254,-7.14288,1,72700
XOM,30038,Adaptive,14.3806,-5.38767,1,72700
XOM,30039,TWAP,-37.6786,1.80591,1,72700
XOM,30039,VWAP,-37.3727,2.11176,1,72700
XOM,30039,POV,-22.9462,16.5383,1,72700
XOM,30039,AC,-19.8705,19.614,1,72700
XOM,30039,Adaptive,-18.5526,20.9319,1,72700
XOM,30030,TWAP,-5.5848,1.77496,1,72700
XOM,30030,VWAP,-5.54871,1.81104,1,72700
XOM,30030,POV,-5.79958,1.56017,1,72700
XOM,30030,AC,-5.07361,2.28614,1,72700
XOM,30030,Adaptive,-6.91388,0.445876,1,72700
XOM,30031,TWAP,-42.2715,1.43938,1,72700
XOM,30031,VWAP,-42.3617,1.34917,1,72700
XOM,30031,POV,-33.4035,10.3074,1,72700
XOM,30031,AC,-29.7685,13.9423,1,72700
XOM,30031,Adaptive,-21.6695,22.0414,1,72700
XOM,30016,TWAP,29.0228,0.68725,1,72700
XOM,30016,VWAP,28.7591,0.423496,1,72700
XOM,30016,POV,17.3798,-10.9557,1,72700
XOM,30016,AC,16.9082,-11.4274,1,72700
XOM,30016,Adaptive,20.5621,-7.7735,1,72700
XOM,30017,TWAP,-68.2388,2.80829,1,72700
XOM,30017,VWAP,-67.5232,3.52395,1,72700
XOM,30017,POV,-43.653,27.3941,1,72700
XOM,30017,AC,-44.3188,26.7283,1,72700
XOM,30017,Adaptive,-33.7017,37.3455,1,72700
XOM,30048,TWAP,0.212636,2.1905,1,72700
XOM,30048,VWAP,0.161088,2.13896,1,72700
XOM,30048,POV,7.4706,9.44846,1,72700
XOM,30048,AC,2.17833,4.1562,1,72700
XOM,30048,Adaptive,-2.94124,-0.963375,1,72700
XOM,30049,TWAP,5.24029,0.680777,1,72700
XOM,30049,VWAP,5.32362,0.764113,1,72700
XOM,30049,POV,7.9036,3.34409,1,72700
XOM,30049,AC,5.70679,1.14729,1,72700
XOM,30049,Adaptive,3.63285,-0.926661,1,72700
XOM,30044,TWAP,15.9743,0.2034,1,72700
XOM,30044,VWAP,15.4073,-0.363628,1,72700
XOM,30044,POV,0.542543,-15.2284,1,72700
XOM,30044,AC,4.08733,-11.6836,1,72700
XOM,30044,Adaptive,2.37164,-13.3993,1,72700
XOM,30045,TWAP,-1.45322,0.930628,1,72700
XOM,30045,VWAP,-1.5589,0.824954,1,72700
XOM,30045,POV,-15.842,-13.4581,1,72700
XOM,30045,AC,-10.9243,-8.54046,1,72700
XOM,30045,Adaptive,-15.8351,-13.4513,1,72700
XOM,30028,TWAP,15.5834,0.114379,1,72700
XOM,30028,VWAP,15.3274,-0.141642,1,72700
XOM,30028,POV,9.57118,-5.89784,1,72700
XOM,30028,AC,9.2533,-6.21572,1,72700
XOM,30028,Adaptive,10.9097,-4.55931,1,72700
XOM,30029,TWAP,-32.2712,2.00838,1,72700
XOM,30029,VWAP,-31.6432,2.63641,1,72700
XOM,30029,POV,-11.3608,22.9188,1,72700
XOM,30029,AC,-15.6719,18.6077,1,72700
XOM,30029,Adaptive,-11.2774,23.0022,1,72700
XOM,30046,TWAP,-6.00663,1.19697,1,72700
XOM,30046,VWAP,-5.89323,1.31038,1,72700
XOM,30046,POV,2.05032,9.25393,1,72700
XOM,30046,AC,1.64052,8.84412,1,72700
XOM,30046,Adaptive,-2.52113,4.68248,1,72700
XOM,30047,TWAP,10.7697,1.01565,1,72700
XOM,30047,VWAP,10.2439,0.489864,1,72700
XOM,30047,POV,1.33209,-8.42193,1,72700
XOM,30047,AC,1.46353,-8.29048,1,72700
XOM,30047,Adaptive,-2.94468,-12.6987,1,72700
XOM,30036,TWAP,-27.5803,2.33753,1,72700
XOM,30036,VWAP,-27.5975,2.32035,1,72700
XOM,30036,POV,-19.1351,10.7828,1,72700
XOM,30036,AC,-19.4091,10.5088,1,72700
XOM,30036,Adaptive,-15.9417,13.9762,1,72700
XOM,30037,TWAP,-14.1607,0.964821,1,72700
XOM,30037,VWAP,-14.5481,0.577352,1,72700
XOM,30037,POV,-34.4577,-19.3322,1,72700
XOM,30037,AC,-23.4591,-8.33358,1,72700
XOM,30037,Adaptive,-25.2332,-10.1077,1,72700
XOM,30040,TWAP,-53.5236,0.794928,1,72700
XOM,30040,VWAP,-53.4128,0.905756,1,72700
XOM,30040,POV,-42.2552,12.0633,1,72700
XOM,30040,AC,-37.4733,16.8453,1,72700
XOM,30040,Adaptive,-27.5039,26.8146,1,72700
XOM,30041,TWAP,6.57452,1.85886,1,72700
XOM,30041,VWAP,6.90099,2.18534,1,72700
XOM,30041,POV,23.4385,18.7228,1,72700
XOM,30041,AC,15.8119,11.0963,1,72700
XOM,30041,Adaptive,3.85107,-0.864589,1,72700
XOM,30042,TWAP,19.2923,0.908505,1,72700
XOM,30042,VWAP,19.4297,1.04597,1,72700
XOM,30042,POV,23.2271,4.84334,1,72700
XOM,30042,AC,18.2312,-0.152525,1,72700
XOM,30042,Adaptive,11.8462,-6.53761,1,72700
XOM,30043,TWAP,-9.35811,1.04131,1,72700
XOM,30043,VWAP,-9.57977,0.819656,1,72700
XOM,30043,POV,-7.10804,3.29138,1,72700
XOM,30043,AC,-6.77728,3.62215,1,72700
XOM,30043,Adaptive,-8.35722,2.0422,1,72700
XOM,30052,TWAP,-0.508178,1.1574,1,72700
XOM,30052,VWAP,-0.570894,1.09468,1,72700
XOM,30052,POV,-5.46538,-3.7998,1,72700
XOM,30052,AC,-1.55976,0.105817,1,72700
XOM,30052,Adaptive,-5.06932,-3.40374,1,72700
XOM,30053,TWAP,-1.16713,1.22713,1,72700
XOM,30053,VWAP,-1.1637,1.23057,1,72700
XOM,30053,POV,0.731552,3.12581,1,72700
XOM,30053,AC,-1.1972,1.19706,1,72700
XOM,30053,Adaptive,-2.3261,0.0681579,1,72700
XOM,30050,TWAP,4.00227,0.931372,1,72700
XOM,30050,VWAP,3.82701,0.756109,1,72700
XOM,30050,POV,1.08036,-1.99054,1,72700
XOM,30050,AC,1.84843,-1.22248,1,72700
XOM,30050,Adaptive,0.530515,-2.54039,1,72700
XOM,30051,TWAP,7.44568,0.668878,1,72700
XOM,30051,VWAP,7.38211,0.605303,1,72700
XOM,30051,POV,8.44399,1.66719,1,72700
XOM,30051,AC,6.03327,-0.743537,1,72700
XOM,30051,Adaptive,3.00224,-3.77456,1,72700
XOM,30034,TWAP,20.172,0.716045,1,72700
XOM,30034,VWAP,20.1437,0.687693,1,72700
XOM,30034,POV,28.5048,9.04878,1,72700
XOM,30034,AC,21.282,1.82605,1,72700
XOM,30034,Adaptive,11.2327,-8.22324,1,72700
XOM,30035,TWAP,-2.4249,0.562718,1,72700
XOM,30035,VWAP,-2.65515,0.33247,1,72700
XOM,30035,POV,-16.8772,-13.8896,1,72700
XOM,30035,AC,-10.188,-7.20041,1,72700
XOM,30035,Adaptive,-11.7551,-8.76747,1,72700
XOM,30058,TWAP,-23.7701,1.05738,1,72700
XOM,30058,VWAP,-23.4848,1.34261,1,72700
XOM,30058,POV,-22.4367,2.39075,1,72700
XOM,30058,AC,-19.6402,5.18723,1,72700
XOM,30058,Adaptive,-17.9701,6.85739,1,72700
XOM,30059,TWAP,24.1722,0.510597,1,72700
XOM,30059,VWAP,23.8319,0.170381,1,72700
XOM,30059,POV,10.0179,-13.6436,1,72700
XOM,30059,AC,12.2027,-11.4589,1,72700
XOM,30059,Adaptive,18.2948,-5.36674,1,72700
XOM,30056,TWAP,11.0558,1.35379,1,72700
XOM,30056,VWAP,11.14,1.43799,1,72700
XOM,30056,POV,10.3805,0.678515,1,72700
XOM,30056,AC,9.91569,0.213724,1,72700
XOM,30056,Adaptive,7.02127,-2.6807,1,72700
XOM,30057,TWAP,-4.90866,2.06593,1,72700
XOM,30057,VWAP,-4.70848,2.26611,1,72700
XOM,30057,POV,-0.781382,6.19321,1,72700
XOM,30057,AC,-1.601,5.37359,1,72700
XOM,30057,Adaptive,-2.56065,4.41394,1,72700
XOM,30054,TWAP,31.919,0.626996,1,72700
XOM,30054,VWAP,31.6681,0.376129,1,72700
XOM,30054,POV,24.1155,-7.17651,1,72700
XOM,30054,AC,21.9908,-9.30115,1,72700
XOM,30054,Adaptive,31.7274,0.435409,0.998624,72700
XOM,30055,TWAP,-48.8224,2.64381,1,72700
XOM,30055,VWAP,-48.4461,3.02011,1,72700
XOM,30055,POV,-34.663,16.8032,1,72700
XOM,30055,AC,-32.5865,18.8797,1,72700
XOM,30055,Adaptive,-24.0459,27.4204,1,72700
KO,30002,TWAP,30.422,1.06218,1,79300
KO,30002,VWAP,29.7706,0.410855,1,79300
KO,30002,POV,9.39827,-19.9615,1,79300
KO,30002,AC,18.1891,-11.1707,1,79300
KO,30002,Adaptive,15.2617,-14.0981,1,79300
KO,30003,TWAP,8.95398,1.27673,1,79300
KO,30003,VWAP,8.71387,1.03662,1,79300
KO,30003,POV,3.96765,-3.70961,1,79300
KO,30003,AC,5.87706,-1.80019,1,79300
KO,30003,Adaptive,3.40402,-4.27323,1,79300
KO,30000,TWAP,1.72609,1.68809,1,79300
KO,30000,VWAP,1.78073,1.74273,1,79300
KO,30000,POV,4.16319,4.12518,1,79300
KO,30000,AC,2.17469,2.13669,1,79300
KO,30000,Adaptive,0.148814,0.110807,1,79300
KO,30001,TWAP,-3.98346,1.8885,1,79300
KO,30001,VWAP,-3.7376,2.13436,1,79300
KO,30001,POV,3.25593,9.12789,1,79300
KO,30001,AC,-0.0625449,5.80941,1,79300
KO,30001,Adaptive,-2.12149,3.75046,1,79300
KO,30008,TWAP,-32.2796,2.09698,1,79300
KO,30008,VWAP,-31.7505,2.62609,1,79300
KO,30008,POV,-12.2552,22.1214,1,79300
KO,30008,AC,-19.9863,14.3903,1,79300
KO,30008,Adaptive,-15.8526,18.524,1,79300
KO,30009,TWAP,11.5837,1.74014,1,79300
KO,30009,VWAP,11.5377,1.69413,1,79300
KO,30009,POV,12.6161,2.77249,1,79300
KO,30009,AC,11.6614,1.81778,1,79300
KO,30009,Adaptive,8.52408,-1.31953,1,79300
KO,30004,TWAP,-2.28684,0.772657,1,79300
KO,30004,VWAP,-2.24371,0.815791,1,79300
KO,30004,POV,0.354421,3.41392,1,79300
KO,30004,AC,-1.29906,1.76043,1,79300
KO,30004,Adaptive,-4.33141,-1.27191,1,79300
KO,30005,TWAP,21.3695,0.941169,1,79300
KO,30005,VWAP,21.2947,0.866402,1,79300
KO,30005,POV,18.087,-2.34136,1,79300
KO,30005,AC,18.3501,-2.07824,1,79300
KO,30005,Adaptive,17.7031,-2.72526,1,79300
KO,30006,TWAP,1.77498,1.20489,1,79300
KO,30006,VWAP,1.79942,1.22933,1,79300
KO,30006,POV,5.94608,5.37598,1,79300
KO,30006,AC,3.84974,3.27965,1,79300
KO,30006,Adaptive,1.17254,0.602444,1,79300
KO,30007,TWAP,13.4601,0.575988,1,79300
KO,30007,VWAP,13.2415,0.35744,1,79300
KO,30007,POV,3.9317,-8.9524,1,79300
KO,30007,AC,8.44212,-4.44198,1,79300
KO,30007,Adaptive,10.7814,-2.10266,1,79300
KO,30010,TWAP,19.5751,1.63618,1,79300
KO,30010,VWAP,19.2415,1.30261,1,79300
KO,30010,POV,14.3789,-3.56007,1,79300
KO,30010,AC,15.7692,-2.16971,1,79300
KO,30010,Adaptive,20.0453,2.10635,0.992434,79300
KO,30011,TWAP,-19.7246,1.90088,1,79300
KO,30011,VWAP,-19.7735,1.852,1,79300
KO,30011,POV,-19.5464,2.07917,1,79300
KO,30011,AC,-17.9691,3.65645,1,79300
KO,30011,Adaptive,-17.1438,4.48176,1,79300
KO,30012,TWAP,51.8497,0.123269,1,79300
KO,30012,VWAP,50.9956,-0.730793,1,79300
KO,30012,POV,27.7994,-23.927,1,79300
KO,30012,AC,37.7131,-14.0133,1,79300
KO,30012,Adaptive,63.0388,11.3123,0.95082,79300
KO,30013,TWAP,30.2178,0.45895,1,79300
KO,30013,VWAP,30.1689,0.410064,1,79300
KO,30013,POV,30.271,0.512149,1,79300
KO,30013,AC,28.1301,-1.62875,1,79300
KO,30013,Adaptive,28.4184,-1.34047,0.996217,79300
KO,30014,TWAP,3.64558,0.871123,1,79300
KO,30014,VWAP,3.38533,0.610879,1,79300
KO,30014,POV,-4.90654,-7.68099,1,79300
KO,30014,AC,0.515456,-2.259,1,79300
KO,30014,Adaptive,-2.87203,-5.64648,1,79300
KO,30015,TWAP,12.4306,0.876731,1,79300
KO,30015,VWAP,12.4148,0.860915,1,79300
KO,30015,POV,8.17325,-3.38063,1,79300
KO,30015,AC,9.46584,-2.08804,1,79300
KO,30015,Adaptive,9.50754,-2.04634,1,79300
KO,30018,TWAP,-9.4299,1.83894,1,79300
KO,30018,VWAP,-9.34075,1.92808,1,79300
KO,30018,POV,-5.14665,6.12218,1,79300
KO,30018,AC,-6.90941,4.35943,1,79300
KO,30018,Adaptive,-6.91948,4.34936,1,79300
KO,30019,TWAP,-17.8167,1.30045,1,79300
KO,30019,VWAP,-17.729,1.38816,1,79300
KO,30019,POV,-17.9374,1.17968,1,79300
KO,30019,AC,-16.0036,3.11354,1,79300
KO,30019,Adaptive,-16.1157,3.00139,1,79300
KO,30016,TWAP,22.3213,0.961849,1,79300
KO,30016,VWAP,21.9691,0.609585,1,79300
KO,30016,POV,14.0208,-7.33865,1,79300
KO,30016,AC,17.0029,-4.35662,1,79300
KO,30016,Adaptive,20.0553,-1.30414,0.997478,79300
KO,30017,TWAP,-47.68,2.64016,1,79300
KO,30017,VWAP,-47.1135,3.20666,1,79300
KO,30017,POV,-30.2077,20.1125,1,79300
KO,30017,AC,-36.8217,13.4985,1,79300
KO,30017,Adaptive,-27.5018,22.8184,1,79300
KO,30022,TWAP,9.64845,1.17306,1,79300
KO,30022,VWAP,9.71458,1.2392,1,79300
KO,30022,POV,9.08626,0.610879,1,79300
KO,30022,AC,9.04744,0.572058,1,79300
KO,30022,Adaptive,8.80157,0.326192,1,79300
KO,30023,TWAP,2.64342,1.18018,1,79300
KO,30023,VWAP,2.56578,1.10254,1,79300
KO,30023,POV,-2.17325,-3.63649,1,79300
KO,30023,AC,0.669302,-0.793936,1,79300
KO,30023,Adaptive,-0.423436,-1.88667,1,79300
KO,30040,TWAP,-37.3939,0.8023,1,79300
KO,30040,VWAP,-36.8878,1.30841,1,79300
KO,30040,POV,-29.9719,8.22429,1,79300
KO,30040,AC,-30.4766,7.71962,1,79300
KO,30040,Adaptive,-24.4148,13.7814,1,79300
KO,30041,TWAP,6.05104,1.69933,1,79300
KO,30041,VWAP,6.35873,2.00702,1,79300
KO,30041,POV,17.9029,13.5512,1,79300
KO,30041,AC,10.7369,6.38516,1,79300
KO,30041,Adaptive,1.27031,-3.0814,1,79300
KO,30024,TWAP,53.913,1.08435,1,79300
KO,30024,VWAP,53.2602,0.431584,1,79300
KO,30024,POV,31.7908,-21.0378,1,79300
KO,30024,AC,41.5219,-11.3067,1,79300
KO,30024,Adaptive,63.1222,10.2935,0.934426,79300
KO,30025,TWAP,28.087,-0.113635,1,79300
KO,30025,VWAP,27.6398,-0.560795,1,79300
KO,30025,POV,14.156,-14.0446,1,79300
KO,30025,AC,20.4292,-7.77143,1,79300
KO,30025,Adaptive,43.872,15.6714,0.960908,79300
KO,30028,TWAP,12.4939,0.540929,1,79300
KO,30028,VWAP,12.5686,0.615696,1,79300
KO,30028,POV,7.98058,-3.97237,1,79300
KO,30028,AC,9.7189,-2.23405,1,79300
KO,30028,Adaptive,12.3285,0.375581,1,79300
KO,30029,TWAP,-21.9777,1.73817,1,79300
KO,30029,VWAP,-21.4845,2.23134,1,79300
KO,30029,POV,-6.41337,17.3025,1,79300
KO,30029,AC,-14.1718,9.54406,1,79300
KO,30029,Adaptive,-9.90581,13.8101,1,79300
KO,30020,TWAP,-30.3947,2.4427,1,79300
KO,30020,VWAP,-30.2192,2.61811,1,79300
KO,30020,POV,-21.0201,11.8172,1,79300
KO,30020,AC,-23.8353,9.002,1,79300
KO,30020,Adaptive,-17.6844,15.153,1,79300
KO,30021,TWAP,-12.8763,1.64203,1,79300
KO,30021,VWAP,-12.5916,1.92672,1,79300
KO,30021,POV,-9.8066,4.71176,1,79300
KO,30021,AC,-9.90294,4.61543,1,79300
KO,30021,Adaptive,-9.31631,5.20206,1,79300
KO,30042,TWAP,15.1567,1.11342,1,79300
KO,30042,VWAP,15.3062,1.26295,1,79300
KO,30042,POV,18.0424,3.99911,1,79300
KO,30042,AC,14.9108,0.867553,1,79300
KO,30042,Adaptive,9.48741,-4.55588,1,79300
KO,30043,TWAP,-5.52767,1.27544,1,79300
KO,30043,VWAP,-5.13659,1.66652,1,79300
KO,30043,POV,-3.86556,2.93755,1,79300
KO,30043,AC,-4.52552,2.27759,1,79300
KO,30043,Adaptive,-6.55571,0.2474,1,79300
KO,30026,TWAP,32.7282,0.460963,1,79300
KO,30026,VWAP,32.2149,-0.0523364,1,79300
KO,30026,POV,15.4457,-16.8216,1,79300
KO,30026,AC,23.3824,-8.88482,1,79300
KO,30026,Adaptive,45.6326,13.3653,0.992434,79300
KO,30027,TWAP,-31.0489,2.66264,1,79300
KO,30027,VWAP,-30.7124,2.99909,1,79300
KO,30027,POV,-17.4356,16.2759,1,79300
KO,30027,AC,-23.4342,10.2773,1,79300
KO,30027,Adaptive,-16.3458,17.3657,1,79300
KO,30036,TWAP,-18.7397,2.14467,1,79300
KO,30036,VWAP,-18.5384,2.34596,1,79300
KO,30036,POV,-12.0237,8.86069,1,79300
KO,30036,AC,-14.5686,6.31576,1,79300
KO,30036,Adaptive,-11.8382,9.04617,1,79300
KO,30037,TWAP,-8.71243,1.22619,1,79300
KO,30037,VWAP,-9.1107,0.827917,1,79300
KO,30037,POV,-23.3508,-13.4122,1,79300
KO,30037,AC,-13.6714,-3.73283,1,79300
KO,30037,Adaptive,-17.8943,-7.95568,1,79300
KO,30046,TWAP,-2.97699,1.22269,1,79300
KO,30046,VWAP,-2.62185,1.57783,1,79300
KO,30046,POV,2.8936,7.09328,1,79300
KO,30046,AC,0.433501,4.63319,1,79300
KO,30046,Adaptive,-1.98921,2.21047,1,79300
KO,30047,TWAP,9.16246,1.27618,1,79300
KO,30047,VWAP,8.96836,1.08207,1,79300
KO,30047,POV,2.93673,-4.94955,1,79300
KO,30047,AC,4.71243,-3.17385,1,79300
KO,30047,Adaptive,2.35442,-5.53187,1,79300
KO,30038,TWAP,16.1315,0.967073,1,79300
KO,30038,VWAP,16.0395,0.875053,1,79300
KO,30038,POV,11.4702,-3.69432,1,79300
KO,30038,AC,12.7484,-2.4161,1,79300
KO,30038,Adaptive,16.1675,1.00302,1,79300
KO,30039,TWAP,-25.7448,1.56269,1,79300
KO,30039,VWAP,-25.4069,1.90057,1,79300
KO,30039,POV,-15.3968,11.9106,1,79300
KO,30039,AC,-17.9418,9.3657,1,79300
KO,30039,Adaptive,-17.4673,9.84018,1,79300
KO,30030,TWAP,-2.59453,1.79518,1,79300
KO,30030,VWAP,-2.62473,1.76499,1,79300
KO,30030,POV,-2.18763,2.20208,1,79300
KO,30030,AC,-2.36161,2.02811,1,79300
KO,30030,Adaptive,-3.8555,0.534219,1,79300
KO,30031,TWAP,-29.253,1.47498,1,79300
KO,30031,VWAP,-28.9281,1.79993,1,79300
KO,30031,POV,-22.2121,8.51595,1,79300
KO,30031,AC,-23.7663,6.96168,1,79300
KO,30031,Adaptive,-19.5564,11.1716,1,79300
KO,30044,TWAP,12.9525,0.733548,1,79300
KO,30044,VWAP,12.5615,0.342463,1,79300
KO,30044,POV,2.06398,-10.155,1,79300
KO,30044,AC,7.26024,-4.95875,1,79300
KO,30044,Adaptive,7.08339,-5.13561,1,79300
KO,30045,TWAP,0.485262,1.53043,1,79300
KO,30045,VWAP,0.145938,1.19111,1,79300
KO,30045,POV,-9.91157,-8.86639,1,79300
KO,30045,AC,-4.1977,-3.15253,1,79300
KO,30045,Adaptive,-8.41049,-7.36532,1,79300
KO,30032,TWAP,-10.6218,1.73017,1,79300
KO,30032,VWAP,-10.629,1.72298,1,79300
KO,30032,POV,-12.0539,0.298107,1,79300
KO,30032,AC,-10.1876,2.16439,1,79300
KO,30032,Adaptive,-10.6276,1.72442,1,79300
KO,30033,TWAP,10.2523,1.05483,1,79300
KO,30033,VWAP,10.2408,1.04333,1,79300
KO,30033,POV,11.2588,2.0613,1,79300
KO,30033,AC,10.1646,0.967121,1,79300
KO,30033,Adaptive,7.17397,-2.02353,1,79300
KO,30034,TWAP,15.8152,1.22085,1,79300
KO,30034,VWAP,16.0366,1.44227,1,79300
KO,30034,POV,22.2351,7.64068,1,79300
KO,30034,AC,16.8878,2.29346,1,79300
KO,30034,Adaptive,10.0309,-4.56348,1,79300
KO,30035,TWAP,-0.30266,0.913539,1,79300
KO,30035,VWAP,-0.629043,0.587155,1,79300
KO,30035,POV,-11.1869,-9.97071,1,79300
KO,30035,AC,-4.56002,-3.34383,1,79300
KO,30035,Adaptive,-7.67864,-6.46244,1,79300
KO,30048,TWAP,1.38102,1.8561,1,79300
KO,30048,VWAP,1.42991,1.90498,1,79300
KO,30048,POV,6.89503,7.37011,1,79300
KO,30048,AC,2.78864,3.26372,1,79300
KO,30048,Adaptive,-1.023,-0.547927,1,79300
KO,30049,TWAP,5.04601,0.865324,1,79300
KO,30049,VWAP,5.09058,0.909896,1,79300
KO,30049,POV,7.42127,3.24059,1,79300
KO,30049,AC,5.54924,1.36856,1,79300
KO,30049,Adaptive,3.79367,-0.387011,1,79300
KO,30052,TWAP,0.918044,1.29811,1,79300
KO,30052,VWAP,0.88785,1.26791,1,79300
KO,30052,POV,-2.34867,-1.96861,1,79300
KO,30052,AC,0.180446,0.560508,1,79300
KO,30052,Adaptive,-2.01797,-1.63791,1,79300
KO,30053,TWAP,0.597411,1.37654,1,79300
KO,30053,VWAP,0.669302,1.44843,1,79300
KO,30053,POV,2.07836,2.85749,1,79300
KO,30053,AC,0.739755,1.51888,1,79300
KO,30053,Adaptive,-0.0639827,0.715144,1,79300
KO,30054,TWAP,24.1962,0.936448,1,79300
KO,30054,VWAP,24.0769,0.817109,1,79300
KO,30054,POV,18.8548,-4.40503,1,79300
KO,30054,AC,19.9274,-3.33242,1,79300
KO,30054,Adaptive,27.3077,4.04788,0.977301,79300
KO,30055,TWAP,-34.0064,2.23247,1,79300
KO,30055,VWAP,-33.7606,2.47833,1,79300
KO,30055,POV,-23.322,12.9169,1,79300
KO,30055,AC,-26.7714,9.46754,1,79300
KO,30055,Adaptive,-20.4824,15.7565,1,79300
KO,30050,TWAP,4.08555,1.00704,1,79300
KO,30050,VWAP,4.07836,0.999855,1,79300
KO,30050,POV,2.07117,-1.00733,1,79300
KO,30050,AC,3.03882,-0.0396836,1,79300
KO,30050,Adaptive,2.46513,-0.613371,1,79300
KO,30051,TWAP,6.79007,1.07014,1,79300
KO,30051,VWAP,6.7038,0.983872,1,79300
KO,30051,POV,8.08123,2.3613,1,79300
KO,30051,AC,6.35154,0.631607,1,79300
KO,30051,Adaptive,4.40043,-1.31951,1,79300
KO,30056,TWAP,9.41552,1.45322,1,79300
KO,30056,VWAP,9.42846,1.46616,1,79300
KO,30056,POV,9.33213,1.36983,1,79300
KO,30056,AC,8.67073,0.708435,1,79300
KO,30056,Adaptive,7.51473,-0.447567,1,79300
KO,30057,TWAP,-2.11143,1.99324,1,79300
KO,30057,VWAP,-1.94608,2.15859,1,79300
KO,30057,POV,0.880661,4.98533,1,79300
KO,30057,AC,-0.419123,3.68555,1,79300
KO,30057,Adaptive,-1.48886,2.61581,1,79300
KO,30058,TWAP,-15.693,1.37177,1,79300
KO,30058,VWAP,-15.7088,1.35595,1,79300
KO,30058,POV,-14.3961,2.66868,1,79300
KO,30058,AC,-13.7275,3.33726,1,79300
KO,30058,Adaptive,-12.9152,4.14962,1,79300
KO,30059,TWAP,18.9511,1.29722,1,79300
KO,30059,VWAP,18.6506,0.996716,1,79300
KO,30059,POV,8.89791,-8.75597,1,79300
KO,30059,AC,13.1351,-4.51874,1,79300
KO,30059,Adaptive,19.8821,2.2282,0.998739,79300
TSLA,30000,TWAP,0.877533,2.28482,1,200600
TSLA,30000,VWAP,1.29365,2.70094,1,200600
TSLA,30000,POV,6.62206,8.02935,1,200600
TSLA,30000,AC,5.42177,6.82906,1,200600
TSLA,30000,Adaptive,3.02119,4.42848,1,200600
TSLA,30001,TWAP,-13.899,2.43341,1,200600
TSLA,30001,VWAP,-13.4409,2.89148,1,200600
TSLA,30001,POV,1.87916,18.2115,1,200600
TSLA,30001,AC,6.24454,22.5769,1,200600
TSLA,30001,Adaptive,2.81452,19.1469,1,200600
TSLA,30002,TWAP,74.3347,0.449477,1,200600
TSLA,30002,VWAP,72.4543,-1.43099,1,200600
TSLA,30002,POV,22.8804,-51.0049,1,200600
TSLA,30002,AC,7.65384,-66.2314,1,200600
TSLA,30002,Adaptive,24.3997,-49.4856,0.985543,200600
TSLA,30003,TWAP,19.714,0.435553,1,200600
TSLA,30003,VWAP,19.5254,0.246938,1,200600
TSLA,30003,POV,10.0317,-9.24674,1,200600
TSLA,30003,AC,-0.935065,-20.2135,1,200600
TSLA,30003,Adaptive,-2.56196,-21.8404,1,200600
TSLA,30006,TWAP,1.41206,0.988416,1,200600
TSLA,30006,VWAP,1.45153,1.02789,0.998504,200600
TSLA,30006,POV,10.0342,9.61053,1,200600
TSLA,30006,AC,13.0912,12.6675,1,200600
TSLA,30006,Adaptive,9.83362,9.40997,1,200600
TSLA,30007,TWAP,31.447,-0.521398,1,200600
TSLA,30007,VWAP,30.323,-1.64537,1,200600
TSLA,30007,POV,6.63153,-25.3369,1,200600
TSLA,30007,AC,4.40966,-27.5587,1,200600
TSLA,30007,Adaptive,5.16762,-26.8008,1,200600
TSLA,30004,TWAP,-9.51101,0.111169,1,200600
TSLA,30004,VWAP,-8.98856,0.633611,1,200600
TSLA,30004,POV,-6.71936,2.90282,1,200600
TSLA,30004,AC,-2.96366,6.65851,1,200600
TSLA,30004,Adaptive,-5.35375,4.26842,1,200600
TSLA,30005,TWAP,51.678,0.733118,1,200600
TSLA,30005,VWAP,51.294,0.349042,1,200600
TSLA,30005,POV,44.1426,-6.80231,1,200600
TSLA,30005,AC,34.091,-16.854,1,200600
TSLA,30005,Adaptive,37.9202,-13.0247,0.985045,200600
TSLA,30014,TWAP,5.71482,-0.352606,1,200600
TSLA,30014,VWAP,5.28617,-0.78125,1,200600
TSLA,30014,POV,-13.983,-20.0504,1,200600
TSLA,30014,AC,-17.0003,-23.0677,1,200600
TSLA,30014,Adaptive,-18.6729,-24.7403,1,200600
TSLA,30015,TWAP,28.5451,0.11197,1,200600
TSLA,30015,VWAP,28.2094,-0.22375,1,200600
TSLA,30015,POV,19.6401,-8.79299,1,200600
TSLA,30015,AC,14.0656,-14.3675,1,200600
TSLA,30015,Adaptive,13.6161,-14.817,1,200600
TSLA,30012,TWAP,129.634,-2.35906,1,200600
TSLA,30012,VWAP,128.446,-3.54697,1,200600
TSLA,30012,POV,76.1577,-55.8356,1,200600
TSLA,30012,AC,52.1751,-79.8181,1,200600
TSLA,30012,Adaptive,97.3973,-34.5959,0.944167,200600
TSLA,30013,TWAP,74.4068,-0.695807,1,200600
TSLA,30013,VWAP,74.5331,-0.56953,1,200600
TSLA,30013,POV,74.7587,-0.34392,1,200600
TSLA,30013,AC,67.0268,-8.07583,1,200600
TSLA,30013,Adaptive,66.0842,-9.01839,0.981555,200600
TSLA,30010,TWAP,46.635,1.84024,1,200600
TSLA,30010,VWAP,46.2271,1.43242,1,200600
TSLA,30010,POV,35.7215,-9.07322,1,200600
TSLA,30010,AC,28.8172,-15.9775,1,200600
TSLA,30010,Adaptive,32.2712,-12.5236,0.994516,200600
TSLA,30011,TWAP,-54.113,2.69483,1,200600
TSLA,30011,VWAP,-54.0831,2.72469,1,200600
TSLA,30011,POV,-56.415,0.392853,1,200600
TSLA,30011,AC,-45.8744,10.9334,1,200600
TSLA,30011,Adaptive,-45.5289,11.2789,1,200600
TSLA,30008,TWAP,-85.8992,3.81683,1,200600
TSLA,30008,VWAP,-84.4235,5.29254,1,200600
TSLA,30008,POV,-39.9657,49.7503,1,200600
TSLA,30008,AC,-21.4893,68.2268,1,200600
TSLA,30008,Adaptive,-19.6438,70.0723,1,200600
TSLA,30009,TWAP,26.3257,2.16315,1,200600
TSLA,30009,VWAP,26.3011,2.13853,1,200600
TSLA,30009,POV,30.8628,6.70025,1,200600
TSLA,30009,AC,25.6331,1.47059,1,200600
TSLA,30009,Adaptive,21.6709,-2.49164,1,200600
TSLA,30016,TWAP,54.1443,0.925321,1,200600
TSLA,30016,VWAP,53.4512,0.232179,1,200600
TSLA,30016,POV,34.5018,-18.7172,1,200600
TSLA,30016,AC,27.1183,-26.1007,1,200600
TSLA,30016,Adaptive,31.9967,-21.2223,0.988534,200600
TSLA,30017,TWAP,-126.31,4.83104,1,200600
TSLA,30017,VWAP,-125.489,5.65177,1,200600
TSLA,30017,POV,-86.2596,44.8815,1,200600
TSLA,30017,AC,-71.4686,59.6724,1,200600
TSLA,30017,Adaptive,-69.3055,61.8356,1,200600
TSLA,30032,TWAP,-30.7677,2.45704,0.999501,200600
TSLA,30032,VWAP,-30.8574,2.36732,1,200600
TSLA,30032,POV,-34.9282,-1.70341,1,200600
TSLA,30032,AC,-29.8048,3.41992,1,200600
TSLA,30032,Adaptive,-31.2128,2.01194,1,200600
TSLA,30033,TWAP,22.9829,1.0506,1,200600
TSLA,30033,VWAP,22.8122,0.879903,1,200600
TSLA,30033,POV,18.7265,-3.20583,1,200600
TSLA,30033,AC,22.0565,0.124132,1,200600
TSLA,30033,Adaptive,14.8008,-7.1315,1,200600
TSLA,30036,TWAP,-51.3543,3.41323,1,200600
TSLA,30036,VWAP,-50.6479,4.11963,1,200600
TSLA,30036,POV,-34.5476,20.2199,1,200600
TSLA,30036,AC,-32.6638,22.1037,1,200600
TSLA,30036,Adaptive,-33.0046,21.7629,1,200600
TSLA,30037,TWAP,-26.5459,0.440956,1,200600
TSLA,30037,VWAP,-27.2477,-0.260779,1,200600
TSLA,30037,POV,-62.2945,-35.3076,1,200600
TSLA,30037,AC,-56.5925,-29.6056,1,200600
TSLA,30037,Adaptive,-58.563,-31.5761,1,200600
TSLA,30040,TWAP,-99.0956,0.490996,1,200600
TSLA,30040,VWAP,-98.0459,1.54069,1,200600
TSLA,30040,POV,-83.6032,15.9834,1,200600
TSLA,30040,AC,-62.619,36.9675,1,200600
TSLA,30040,Adaptive,-61.0357,38.5509,1,200600
TSLA,30041,TWAP,12.7199,3.2195,1,200600
TSLA,30041,VWAP,13.2567,3.75622,1,200600
TSLA,30041,POV,41.4867,31.9863,1,200600
TSLA,30041,AC,40.7174,31.217,1,200600
TSLA,30041,Adaptive,26.9575,17.4571,1,200600
TSLA,30020,TWAP,-81.7758,4.67284,1,200600
TSLA,30020,VWAP,-80.8614,5.58722,1,200600
TSLA,30020,POV,-61.2252,25.2234,1,200600
TSLA,30020,AC,-43.4372,43.0114,1,200600
TSLA,30020,Adaptive,-42.6893,43.7593,1,200600
TSLA,30021,TWAP,-36.3169,2.40064,1,200600
TSLA,30021,VWAP,-35.9219,2.79564,1,200600
TSLA,30021,POV,-30.5868,8.13076,1,200600
TSLA,30021,AC,-23.2454,15.4722,1,200600
TSLA,30021,Adaptive,-24.3281,14.3894,1,200600
TSLA,30018,TWAP,-27.6135,2.99628,1,200600
TSLA,30018,VWAP,-27.0373,3.57246,1,200600
TSLA,30018,POV,-20.0197,10.5901,1,200600
TSLA,30018,AC,-11.3645,19.2453,1,200600
TSLA,30018,Adaptive,-11.4085,19.2013,1,200600
TSLA,30019,TWAP,-49.5758,1.637,0.997009,200600
TSLA,30019,VWAP,-49.4221,1.79066,0.998006,200600
TSLA,30019,POV,-52.2713,-1.05852,1,200600
TSLA,30019,AC,-39.8206,11.3921,1,200600
TSLA,30019,Adaptive,-39.2398,11.973,1,200600
TSLA,30038,TWAP,38.027,0.526797,1,200600
TSLA,30038,VWAP,37.7418,0.241617,1,200600
TSLA,30038,POV,27.7637,-9.73648,1,200600
TSLA,30038,AC,22.6446,-14.8556,1,200600
TSLA,30038,Adaptive,23.078,-14.4221,1,200600
TSLA,30039,TWAP,-69.5295,2.78291,1,200600
TSLA,30039,VWAP,-68.6037,3.70865,1,200600
TSLA,30039,POV,-49.1199,23.1925,1,200600
TSLA,30039,AC,-31.7996,40.5128,1,200600
TSLA,30039,Adaptive,-32.123,40.1894,1,200600
TSLA,30028,TWAP,29.2682,0.0413836,1,200600
TSLA,30028,VWAP,28.6332,-0.593645,1,200600
TSLA,30028,POV,18.9394,-10.2874,1,200600
TSLA,30028,AC,16.5335,-12.6934,1,200600
TSLA,30028,Adaptive,15.1805,-14.0463,1,200600
TSLA,30029,TWAP,-59.7068,2.81787,1,200600
TSLA,30029,VWAP,-58.5937,3.93091,1,200600
TSLA,30029,POV,-20.8272,41.6975,1,200600
TSLA,30029,AC,-17.3724,45.1523,1,200600
TSLA,30029,Adaptive,-17.5606,44.9641,1,200600
TSLA,30042,TWAP,36.2774,1.21689,1,200600
TSLA,30042,VWAP,36.4034,1.34288,1,200600
TSLA,30042,POV,42.425,7.36443,1,200600
TSLA,30042,AC,37.7705,2.70994,1,200600
TSLA,30042,Adaptive,30.9559,-4.10467,1,200600
TSLA,30043,TWAP,-17.419,1.04135,0.99651,200600
TSLA,30043,VWAP,-17.3489,1.11148,0.999501,200600
TSLA,30043,POV,-17.0622,1.39819,1,200600
TSLA,30043,AC,-8.36155,10.0988,1,200600
TSLA,30043,Adaptive,-7.41221,11.0481,1,200600
TSLA,30024,TWAP,135.025,0.119422,1,200600
TSLA,30024,VWAP,132.931,-1.97428,1,200600
TSLA,30024,POV,81.6657,-53.2396,1,200600
TSLA,30024,AC,65.4051,-69.5001,1,200600
TSLA,30024,Adaptive,105.748,-29.1577,0.91675,200600
TSLA,30025,TWAP,68.8594,-2.44505,1,200600
TSLA,30025,VWAP,67.663,-3.64141,1,200600
TSLA,30025,POV,35.2578,-36.0466,1,200600
TSLA,30025,AC,26.7794,-44.525,1,200600
TSLA,30025,Adaptive,46.704,-24.6004,0.971087,200600
TSLA,30046,TWAP,-11.0061,1.24563,1,200600
TSLA,30046,VWAP,-10.3696,1.88211,1,200600
TSLA,30046,POV,1.92344,14.1752,1,200600
TSLA,30046,AC,7.79876,20.0505,1,200600
TSLA,30046,Adaptive,5.09406,17.3458,1,200600
TSLA,30047,TWAP,20.1799,1.24235,1,200600
TSLA,30047,VWAP,19.0785,0.140954,1,200600
TSLA,30047,POV,3.05542,-15.8821,1,200600
TSLA,30047,AC,0.0884088,-18.8492,1,200600
TSLA,30047,Adaptive,-0.496516,-19.4341,1,200600
TSLA,30044,TWAP,29.4321,-0.0382376,1,200600
TSLA,30044,VWAP,28.7427,-0.727593,0.997507,200600
TSLA,30044,POV,2.57114,-26.8992,1,200600
TSLA,30044,AC,-3.69249,-33.1628,1,200600
TSLA,30044,Adaptive,-3.90266,-33.373,1,200600
TSLA,30045,TWAP,-2.30096,1.39014,1,200600
TSLA,30045,VWAP,-3.00065,0.690443,1,200600
TSLA,30045,POV,-26.462,-22.7709,1,200600
TSLA,30045,AC,-31.4268,-27.7357,1,200600
TSLA,30045,Adaptive,-32.6105,-28.9194,1,200600
TSLA,30034,TWAP,37.6133,1.03836,1,200600
TSLA,30034,VWAP,37.7213,1.14629,1,200600
TSLA,30034,POV,52.0082,15.4333,1,200600
TSLA,30034,AC,49.4126,12.8377,1,200600
TSLA,30034,Adaptive,31.364,-5.21098,1,200600
TSLA,30035,TWAP,-5.17024,-0.919145,1,200600
TSLA,30035,VWAP,-5.51863,-1.26754,0.998006,200600
TSLA,30035,POV,-33.9393,-29.6883,1,200600
TSLA,30035,AC,-28.9525,-24.7014,1,200600
TSLA,30035,Adaptive,-30.841,-26.5899,1,200600
TSLA,30026,TWAP,81.0041,-0.95479,1,200600
TSLA,30026,VWAP,78.754,-3.20492,1,200600
TSLA,30026,POV,39.3722,-42.5867,1,200600
TSLA,30026,AC,28.7829,-53.176,1,200600
TSLA,30026,Adaptive,49.9117,-32.0472,0.983549,200600
TSLA,30027,TWAP,-83.965,4.90862,1,200600
TSLA,30027,VWAP,-82.6699,6.20373,1,200600
TSLA,30027,POV,-52.9107,35.963,1,200600
TSLA,30027,AC,-43.78,45.0937,1,200600
TSLA,30027,Adaptive,-42.0205,46.8531,1,200600
TSLA,30048,TWAP,0.350576,2.79508,1,200600
TSLA,30048,VWAP,0.671805,3.1163,0.999501,200600
TSLA,30048,POV,14.1868,16.6313,1,200600
TSLA,30048,AC,8.88297,11.3275,1,200600
TSLA,30048,Adaptive,5.14431,7.58881,1,200600
TSLA,30049,TWAP,9.37584,0.303925,1,200600
TSLA,30049,VWAP,9.56155,0.489627,0.998504,200600
TSLA,30049,POV,14.8343,5.7624,1,200600
TSLA,30049,AC,13.6123,4.54041,1,200600
TSLA,30049,Adaptive,10.6306,1.55869,1,200600
TSLA,30050,TWAP,7.04226,1.06736,1,200600
TSLA,30050,VWAP,6.65644,0.681534,1,200600
TSLA,30050,POV,-0.617987,-6.59289,1,200600
TSLA,30050,AC,0.208132,-5.76677,1,200600
TSLA,30050,Adaptive,-0.40971,-6.38461,1,200600
TSLA,30051,TWAP,14.0047,0.608651,1,200600
TSLA,30051,VWAP,14.2634,0.867323,1,200600
TSLA,30051,POV,16.232,2.83591,1,200600
TSLA,30051,AC,13.6498,0.253705,1,200600
TSLA,30051,Adaptive,9.00007,-4.39598,1,200600
TSLA,30022,TWAP,22.1674,1.1798,0.999003,200600
TSLA,30022,VWAP,22.0157,1.02804,1,200600
TSLA,30022,POV,19.0571,-1.93052,1,200600
TSLA,30022,AC,17.113,-3.87464,1,200600
TSLA,30022,Adaptive,15.8965,-5.0911,1,200600
TSLA,30023,TWAP,3.66933,1.14205,1,200600
TSLA,30023,VWAP,3.43585,0.908571,1,200600
TSLA,30023,POV,-10.106,-12.6333,1,200600
TSLA,30023,AC,-6.51283,-9.04011,1,200600
TSLA,30023,Adaptive,-6.73407,-9.26135,1,200600
TSLA,30030,TWAP,-10.4911,1.90673,1,200600
TSLA,30030,VWAP,-10.1322,2.2656,0.999003,200600
TSLA,30030,POV,-8.89651,3.50129,1,200600
TSLA,30030,AC,-10.5244,1.87337,1,200600
TSLA,30030,Adaptive,-11.0338,1.36404,1,200600
TSLA,30031,TWAP,-78.3452,2.22107,1,200600
TSLA,30031,VWAP,-77.9582,2.60806,1,200600
TSLA,30031,POV,-69.9138,10.6524,1,200600
TSLA,30031,AC,-45.8815,34.6847,1,200600
TSLA,30031,Adaptive,-44.2085,36.3578,1,200600
TSLA,30056,TWAP,20.893,2.07718,1,200600
TSLA,30056,VWAP,20.5669,1.75108,1,200600
TSLA,30056,POV,17.5855,-1.23035,1,200600
TSLA,30056,AC,18.1525,-0.663342,1,200600
TSLA,30056,Adaptive,12.0842,-6.73165,1,200600
TSLA,30057,TWAP,-9.44211,2.91186,1,200600
TSLA,30057,VWAP,-9.21621,3.13776,1,200600
TSLA,30057,POV,-0.451948,11.902,1,200600
TSLA,30057,AC,-3.0678,9.28618,1,200600
TSLA,30057,Adaptive,-4.19381,8.16017,1,200600
TSLA,30052,TWAP,-1.07416,1.00513,1,200600
TSLA,30052,VWAP,-1.31856,0.760728,1,200600
TSLA,30052,POV,-10.6664,-8.58715,1,200600
TSLA,30052,AC,-7.48853,-5.40924,1,200600
TSLA,30052,Adaptive,-8.6307,-6.55142,1,200600
TSLA,30053,TWAP,-2.05292,1.88652,1,200600
TSLA,30053,VWAP,-1.75944,2.18001,1,200600
TSLA,30053,POV,1.26117,5.20061,1,200600
TSLA,30053,AC,-0.165748,3.77369,1,200600
TSLA,30053,Adaptive,-0.852627,3.08682,1,200600
TSLA,30054,TWAP,59.0407,0.440917,1,200600
TSLA,30054,VWAP,58.4679,-0.131919,1,200600
TSLA,30054,POV,45.9169,-12.6829,1,200600
TSLA,30054,AC,37.3299,-21.2699,1,200600
TSLA,30054,Adaptive,45.8479,-12.7519,0.979561,200600
TSLA,30055,TWAP,-90.7367,3.57136,1,200600
TSLA,30055,VWAP,-89.2592,5.04882,1,200600
TSLA,30055,POV,-69.012,25.296,1,200600
TSLA,30055,AC,-55.7261,38.582,1,200600
TSLA,30055,Adaptive,-54.3185,39.9895,1,200600
TSLA,30058,TWAP,-44.1831,1.32256,1,200600
TSLA,30058,VWAP,-43.7211,1.78456,1,200600
TSLA,30058,POV,-41.5059,3.99973,1,200600
TSLA,30058,AC,-34.7473,10.7584,1,200600
TSLA,30058,Adaptive,-35.6059,9.89981,1,200600
TSLA,30059,TWAP,45.0873,1.04248,1,200600
TSLA,30059,VWAP,43.8471,-0.197718,1,200600
TSLA,30059,POV,20.1254,-23.9194,1,200600
TSLA,30059,AC,14.5828,-29.462,1,200600
TSLA,30059,Adaptive,16.9359,-27.1089,1,200600
GME,30002,TWAP,53.4241,6.45566,1,22900
GME,30002,VWAP,53.1902,6.2217,1,22900
GME,30002,POV,18.7517,-28.2168,1,22900
GME,30002,AC,50.1253,3.15686,1,22900
GME,30002,Adaptive,45.2356,-1.73284,1,22900
GME,30003,TWAP,14.4469,5.51749,1,22900
GME,30003,VWAP,13.6046,4.67525,1,22900
GME,30003,POV,2.84258,-6.08679,1,22900
GME,30003,AC,12.3646,3.43527,1,22900
GME,30003,Adaptive,8.2002,-0.729167,1,22900
GME,30000,TWAP,1.1113,4.68304,1,22900
GME,30000,VWAP,1.1113,4.68304,1,22900
GME,30000,POV,5.32253,8.89428,1,22900
GME,30000,AC,1.22828,4.80002,1,22900
GME,30000,Adaptive,-0.900735,2.67101,1,22900
GME,30001,TWAP,-8.17681,5.48513,1,22900
GME,30001,VWAP,-8.38737,5.27457,1,22900
GME,30001,POV,5.13536,18.7973,1,22900
GME,30001,AC,-7.94285,5.71909,1,22900
GME,30001,Adaptive,-8.2002,5.46173,1,22900
GME,30004,TWAP,-4.9248,4.89751,1,22900
GME,30004,VWAP,-4.85461,4.96769,1,22900
GME,30004,POV,-1.6494,8.17291,1,22900
GME,30004,AC,-4.15274,5.66956,1,22900
GME,30004,Adaptive,-8.71491,1.1074,1,22900
GME,30005,TWAP,36.8132,5.64968,1,22900
GME,30005,VWAP,35.9475,4.78404,1,22900
GME,30005,POV,30.2858,-0.87773,1,22900
GME,30005,AC,35.0819,3.91839,1,22900
GME,30005,Adaptive,30.5431,-0.620377,1,22900
GME,30006,TWAP,1.06451,4.0112,1,22900
GME,30006,VWAP,1.57921,4.5259,1,22900
GME,30006,POV,9.39338,12.3401,1,22900
GME,30006,AC,2.04713,4.99382,1,22900
GME,30006,Adaptive,-0.456217,2.49048,1,22900
GME,30007,TWAP,22.495,3.9219,1,22900
GME,30007,VWAP,22.3312,3.75813,1,22900
GME,30007,POV,5.13536,-13.4377,1,22900
GME,30007,AC,21.1614,2.58835,1,22900
GME,30007,Adaptive,24.1093,5.53621,1,22900
GME,30008,TWAP,-60.0919,4.55671,1,22900
GME,30008,VWAP,-59.2731,5.37556,1,22900
GME,30008,POV,-24.2731,40.3756,1,22900
GME,30008,AC,-56.489,8.15965,1,22900
GME,30008,Adaptive,-44.4168,20.2318,1,22900
GME,30009,TWAP,18.7751,4.13091,1,22900
GME,30009,VWAP,18.892,4.24788,1,22900
GME,30009,POV,21.0445,6.40029,1,22900
GME,30009,AC,19.1962,4.55203,1,22900
GME,30009,Adaptive,13.8854,-0.758801,1,22900
GME,30010,TWAP,32.7657,4.37032,1,22900
GME,30010,VWAP,32.5785,4.18316,1,22900
GME,30010,POV,23.8285,-4.56685,1,22900
GME,30010,AC,32.3446,3.9492,1,22900
GME,30010,Adaptive,33.8185,5.42313,1,22900
GME,30011,TWAP,-37.0003,4.61052,1,22900
GME,30011,VWAP,-37.0003,4.61052,1,22900
GME,30011,POV,-36.2517,5.35918,1,22900
GME,30011,AC,-36.2283,5.38258,1,22900
GME,30011,Adaptive,-35.9241,5.68672,1,22900
GME,30012,TWAP,92.0973,5.21452,1,22900
GME,30012,VWAP,90.5532,3.6704,1,22900
GME,30012,POV,49.7978,-37.085,1,22900
GME,30012,AC,87.2778,0.394998,1,22900
GME,30012,Adaptive,121.038,34.155,1,22900
GME,30013,TWAP,51.4589,2.97243,1,22900
GME,30013,VWAP,51.5291,3.04261,1,22900
GME,30013,POV,51.5525,3.06601,1,22900
GME,30013,AC,50.6167,2.13018,1,22900
GME,30013,Adaptive,48.1835,-0.302975,1,22900
GME,30014,TWAP,4.9014,3.47271,1,22900
GME,30014,VWAP,5.08857,3.65987,1,22900
GME,30014,POV,-7.42814,-8.85684,1,22900
GME,30014,AC,4.57386,3.14517,1,22900
GME,30014,Adaptive,-1.67279,-3.10149,1,22900
GME,30015,TWAP,21.0912,4.21474,1,22900
GME,30015,VWAP,20.3192,3.44268,1,22900
GME,30015,POV,14.7276,-2.1489,1,22900
GME,30015,AC,19.8747,2.99816,1,22900
GME,30015,Adaptive,19.4302,2.55364,1,22900
GME,30016,TWAP,38.4509,4.69786,1,22900
GME,30016,VWAP,38.1935,4.44051,1,22900
GME,30016,POV,22.9863,-10.7667,1,22900
GME,30016,AC,36.8366,3.08356,1,22900
GME,30016,Adaptive,35.5732,1.82019,1,22900
GME,30017,TWAP,-87.4181,4.55437,1,22900
GME,30017,VWAP,-86.9502,5.02228,1,22900
GME,30017,POV,-55.8105,36.162,1,22900
GME,30017,AC,-84.751,7.22148,1,22900
GME,30017,Adaptive,-64.9114,27.0611,1,22900
GME,30020,TWAP,-56.1848,5.33851,1,22900
GME,30020,VWAP,-55.7871,5.73624,1,22900
GME,30020,POV,-40.0418,21.4816,1,22900
GME,30020,AC,-53.8219,7.70148,1,22900
GME,30020,Adaptive,-43.9255,17.5979,1,22900
GME,30021,TWAP,-24.3199,5.50423,1,22900
GME,30021,VWAP,-24.3199,5.50423,1,22900
GME,30021,POV,-18.7517,11.0724,1,22900
GME,30021,AC,-24.3433,5.48084,1,22900
GME,30021,Adaptive,-21.9335,7.8906,1,22900
GME,30022,TWAP,15.3593,4.46546,1,22900
GME,30022,VWAP,14.9148,4.02095,1,22900
GME,30022,POV,13.3005,2.40664,1,22900
GME,30022,AC,15.4061,4.51226,1,22900
GME,30022,Adaptive,14.7744,3.88057,1,22900
GME,30023,TWAP,3.49766,4.83707,1,22900
GME,30023,VWAP,3.59124,4.93065,1,22900
GME,30023,POV,-5.41611,-4.07671,1,22900
GME,30023,AC,3.47427,4.81367,1,22900
GME,30023,Adaptive,-0.152072,1.18733,1,22900
GME,30018,TWAP,-18.6581,5.27262,1,22900
GME,30018,VWAP,-17.6755,6.25524,1,22900
GME,30018,POV,-10.7269,13.2038,1,22900
GME,30018,AC,-17.2543,6.67636,1,22900
GME,30018,Adaptive,-17.4181,6.51259,1,22900
GME,30019,TWAP,-32.8827,4.79924,1,22900
GME,30019,VWAP,-32.5084,5.17357,1,22900
GME,30019,POV,-34.5906,3.09136,1,22900
GME,30019,AC,-32.2978,5.38414,1,22900
GME,30019,Adaptive,-33.7015,3.98039,1,22900
GME,30030,TWAP,-5.65007,6.31529,1,22900
GME,30030,VWAP,-5.34592,6.61943,1,22900
GME,30030,POV,-5.74365,6.2217,1,22900
GME,30030,AC,-5.69686,6.26849,1,22900
GME,30030,Adaptive,-9.15943,2.80593,1,22900
GME,30031,TWAP,-53.2838,3.23914,1,22900
GME,30031,VWAP,-52.7223,3.80064,1,22900
GME,30031,POV,-36.8834,19.6395,1,22900
GME,30031,AC,-50.0318,6.49114,1,22900
GME,30031,Adaptive,-48.4642,8.05866,1,22900
GME,30026,TWAP,57.612,3.94647,1,22900
GME,30026,VWAP,56.6528,2.98724,1,22900
GME,30026,POV,27.1741,-26.4914,1,22900
GME,30026,AC,55.1554,1.48992,1,22900
GME,30026,Adaptive,89.2898,35.6243,1,22900
GME,30027,TWAP,-57.0037,5.94836,1,22900
GME,30027,VWAP,-57.4014,5.55064,1,22900
GME,30027,POV,-34.1929,28.7592,1,22900
GME,30027,AC,-55.7403,7.21173,1,22900
GME,30027,Adaptive,-41.4455,21.5065,1,22900
GME,30024,TWAP,94.5772,5.73,1,22900
GME,30024,VWAP,93.735,4.88776,1,22900
GME,30024,POV,54.5471,-34.3001,1,22900
GME,30024,AC,91.9335,3.08629,1,22900
GME,30024,Adaptive,125.202,36.355,1,22900
GME,30025,TWAP,48.628,2.28459,1,22900
GME,30025,VWAP,48.3941,2.05064,1,22900
GME,30025,POV,24.0391,-22.3043,1,22900
GME,30025,AC,47.505,1.1616,1,22900
GME,30025,Adaptive,82.4816,36.1382,1,22900
GME,30034,TWAP,25.5598,4.30793,1,22900
GME,30034,VWAP,26.0277,4.77585,1,22900
GME,30034,POV,36.509,15.2571,1,22900
GME,30034,AC,26.2383,4.98641,1,22900
GME,30034,Adaptive,14.6574,-6.59448,1,22900
GME,30035,TWAP,-1.34525,4.54813,1,22900
GME,30035,VWAP,-1.53242,4.36096,1,22900
GME,30035,POV,-21.3252,-15.4318,1,22900
GME,30035,AC,-1.46223,4.43115,1,22900
GME,30035,Adaptive,-11.733,-5.83957,1,22900
GME,30038,TWAP,26.8232,5.6606,1,22900
GME,30038,VWAP,27.2209,6.05832,1,22900
GME,30038,POV,18.5645,-2.5981,1,22900
GME,30038,AC,26.5191,5.35645,1,22900
GME,30038,Adaptive,31.3386,10.176,1,22900
GME,30039,TWAP,-47.4816,3.77295,1,22900
GME,30039,VWAP,-46.8031,4.45143,1,22900
GME,30039,POV,-29.1628,22.0918,1,22900
GME,30039,AC,-45.493,5.76159,1,22900
GME,30039,Adaptive,-42.3346,8.92001,1,22900
GME,30040,TWAP,-68.4442,2.54429,1,22900
GME,30040,VWAP,-67.1106,3.87784,1,22900
GME,30040,POV,-59.1795,11.809,1,22900
GME,30040,AC,-65.122,5.86648,1,22900
GME,30040,Adaptive,-58.2671,12.7214,1,22900
GME,30041,TWAP,8.62132,5.76393,1,22900
GME,30041,VWAP,8.7383,5.88091,1,22900
GME,30041,POV,29.4435,26.5861,1,22900
GME,30041,AC,9.79111,6.93371,1,22900
GME,30041,Adaptive,-3.52106,-6.37845,1,22900
GME,30028,TWAP,20.8339,4.31456,1,22900
GME,30028,VWAP,20.2724,3.75306,1,22900
GME,30028,POV,12.2009,-4.31846,1,22900
GME,30028,AC,20.5297,4.01042,1,22900
GME,30028,Adaptive,21.5124,4.99304,1,22900
GME,30029,TWAP,-41.5391,4.53643,1,22900
GME,30029,VWAP,-41.2116,4.86397,1,22900
GME,30029,POV,-14.3767,31.6989,1,22900
GME,30029,AC,-40.2991,5.7764,1,22900
GME,30029,Adaptive,-30.239,15.8366,1,22900
GME,30042,TWAP,24.6474,4.28844,1,22900
GME,30042,VWAP,24.9749,4.61598,1,22900
GME,30042,POV,30.5665,10.2076,1,22900
GME,30042,AC,24.3666,4.00769,1,22900
GME,30042,Adaptive,15.1721,-5.18683,1,22900
GME,30043,TWAP,-11.5692,2.8071,1,22900
GME,30043,VWAP,-10.1654,4.21084,1,22900
GME,30043,POV,-7.94285,6.43343,1,22900
GME,30043,AC,-10.6568,3.71953,1,22900
GME,30043,Adaptive,-15.2657,-0.889428,1,22900
GME,30036,TWAP,-34.0993,5.45783,1,22900
GME,30036,VWAP,-33.6314,5.92575,1,22900
GME,30036,POV,-22.8459,16.7112,1,22900
GME,30036,AC,-33.1868,6.37027,1,22900
GME,30036,Adaptive,-27.2911,12.266,1,22900
GME,30037,TWAP,-16.2483,4.64639,1,22900
GME,30037,VWAP,-16.88,4.01471,1,22900
GME,30037,POV,-42.3346,-21.4398,1,22900
GME,30037,AC,-17.1608,3.73396,1,22900
GME,30037,Adaptive,-29.7243,-8.82955,1,22900
GME,30044,TWAP,21.8165,4.40425,1,22900
GME,30044,VWAP,21.6527,4.24048,1,22900
GME,30044,POV,3.38068,-14.0316,1,22900
GME,30044,AC,20.3894,2.97711,1,22900
GME,30044,Adaptive,19.1026,1.69034,1,22900
GME,30045,TWAP,0.0116979,4.83356,1,22900
GME,30045,VWAP,-0.479612,4.34225,1,22900
GME,30045,POV,-19.9449,-15.123,1,22900
GME,30045,AC,-1.57921,3.24265,1,22900
GME,30045,Adaptive,-10.6568,-5.83489,1,22900
GME,30032,TWAP,-19.8279,4.99577,1,22900
GME,30032,VWAP,-20.2022,4.62144,1,22900
GME,30032,POV,-23.5946,1.22906,1,22900
GME,30032,AC,-20.2724,4.55125,1,22900
GME,30032,Adaptive,-21.1848,3.63882,1,22900
GME,30033,TWAP,16.5759,4.69981,1,22900
GME,30033,VWAP,15.8506,3.97454,1,22900
GME,30033,POV,16.9502,5.07414,1,22900
GME,30033,AC,16.0612,4.18511,1,22900
GME,30033,Adaptive,12.0839,0.207832,1,22900
GME,30046,TWAP,-7.33456,3.73786,1,22900
GME,30046,VWAP,-7.33456,3.73786,1,22900
GME,30046,POV,2.70221,13.7746,1,22900
GME,30046,AC,-6.25836,4.81406,1,22900
GME,30046,Adaptive,-8.80849,2.26393,1,22900
GME,30047,TWAP,15.1019,5.7261,1,22900
GME,30047,VWAP,14.4235,5.04763,1,22900
GME,30047,POV,2.04713,-7.32871,1,22900
GME,30047,AC,14.0023,4.6265,1,22900
GME,30047,Adaptive,9.76772,0.391878,1,22900
GME,30048,TWAP,-0.339238,4.7505,1,22900
GME,30048,VWAP,0.503008,5.59275,1,22900
GME,30048,POV,10.3526,15.4423,1,22900
GME,30048,AC,0.269051,5.35879,1,22900
GME,30048,Adaptive,-3.87199,1.21775,1,22900
GME,30049,TWAP,7.35796,3.69691,1,22900
GME,30049,VWAP,7.1006,3.43956,1,22900
GME,30049,POV,10.9141,7.25306,1,22900
GME,30049,AC,7.49833,3.83729,1,22900
GME,30049,Adaptive,5.57988,1.91884,1,22900
GME,30050,TWAP,5.13536,4.33172,1,22900
GME,30050,VWAP,5.32253,4.51888,1,22900
GME,30050,POV,0.362634,-0.441009,1,22900
GME,30050,AC,5.4863,4.68265,1,22900
GME,30050,Adaptive,4.31651,3.51287,1,22900
GME,30051,TWAP,10.7971,4.81445,1,22900
GME,30051,VWAP,10.6568,4.67408,1,22900
GME,30051,POV,11.4288,5.44614,1,22900
GME,30051,AC,10.3526,4.36993,1,22900
GME,30051,Adaptive,7.94285,1.96017,1,22900
GME,30052,TWAP,-0.0116979,3.56005,1,22900
GME,30052,VWAP,0.292447,3.86419,1,22900
GME,30052,POV,-6.16477,-2.59303,1,22900
GME,30052,AC,0.175468,3.74722,1,22900
GME,30052,Adaptive,-3.14673,0.425022,1,22900
GME,30053,TWAP,-0.315842,5.04178,1,22900
GME,30053,VWAP,-0.573195,4.78443,1,22900
GME,30053,POV,2.32787,7.6855,1,22900
GME,30053,AC,-0.5498,4.80782,1,22900
GME,30053,Adaptive,-1.626,3.73162,1,22900
GME,30056,TWAP,15.1721,4.2783,1,22900
GME,30056,VWAP,14.6574,3.76359,1,22900
GME,30056,POV,13.7216,2.82776,1,22900
GME,30056,AC,14.9148,4.02095,1,22900
GME,30056,Adaptive,13.6514,2.75758,1,22900
GME,30057,TWAP,-4.48028,6.41355,1,22900
GME,30057,VWAP,-4.41009,6.48374,1,22900
GME,30057,POV,0.081885,10.9757,1,22900
GME,30057,AC,-5.43951,5.45432,1,22900
GME,30057,Adaptive,-6.16477,4.72906,1,22900
GME,30054,TWAP,41.5391,4.30364,1,22900
GME,30054,VWAP,41.5625,4.32704,1,22900
GME,30054,POV,32.1808,-5.05465,1,22900
GME,30054,AC,40.5799,3.34442,1,22900
GME,30054,Adaptive,50.0552,12.8197,1,22900
GME,30055,TWAP,-62.6655,5.01916,1,22900
GME,30055,VWAP,-61.1681,6.51649,1,22900
GME,30055,POV,-44.2764,23.4082,1,22900
GME,30055,AC,-60.2089,7.47571,1,22900
GME,30055,Adaptive,-48.8386,18.846,1,22900
GME,30058,TWAP,-28.8586,5.51944,1,22900
GME,30058,VWAP,-29.2798,5.09832,1,22900
GME,30058,POV,-27.8292,6.54885,1,22900
GME,30058,AC,-29.5137,4.86436,1,22900
GME,30058,Adaptive,-27.876,6.50206,1,22900
GME,30059,TWAP,32.4382,4.66784,1,22900
GME,30059,VWAP,32.2042,4.43388,1,22900
GME,30059,POV,14.868,-12.9024,1,22900
GME,30059,AC,31.5491,3.7788,1,22900
GME,30059,Adaptive,40.8372,13.0669,1,22900
IWM,30000,TWAP,0.79548,1.31992,1,119000
IWM,30000,VWAP,0.835695,1.36014,1,119000
IWM,30000,POV,2.95743,3.48188,1,119000
IWM,30000,AC,0.878389,1.40283,1,119000
IWM,30000,Adaptive,-1.00619,-0.48175,1,119000
IWM,30001,TWAP,-5.20505,1.50892,1,119000
IWM,30001,VWAP,-5.06017,1.65381,1,119000
IWM,30001,POV,2.19886,8.91284,1,119000
IWM,30001,AC,3.34058,10.0546,1,119000
IWM,30001,Adaptive,0.736811,7.45079,1,119000
IWM,30002,TWAP,30.6367,0.37194,1,119000
IWM,30002,VWAP,29.9685,-0.296285,1,119000
IWM,30002,POV,8.076,-22.1888,1,119000
IWM,30002,AC,2.91336,-27.3514,1,119000
IWM,30002,Adaptive,-1.15163,-31.4164,1,119000
IWM,30003,TWAP,8.46547,0.664369,1,119000
IWM,30003,VWAP,8.21427,0.413165,1,119000
IWM,30003,POV,3.06045,-4.74065,1,119000
IWM,30003,AC,0.977824,-6.82328,1,119000
IWM,30003,Adaptive,-1.64853,-9.44963,1,119000
IWM,30006,TWAP,0.821372,0.641094,1,119000
IWM,30006,VWAP,0.921633,0.741356,1,119000
IWM,30006,POV,5.07394,4.89366,1,119000
IWM,30006,AC,5.34415,5.16387,1,119000
IWM,30006,Adaptive,2.70871,2.52843,1,119000
IWM,30007,TWAP,12.8577,-0.324426,1,119000
IWM,30007,VWAP,12.5828,-0.599319,1,119000
IWM,30007,POV,2.71532,-10.4668,1,119000
IWM,30007,AC,2.13083,-11.0513,1,119000
IWM,30007,Adaptive,2.29913,-10.883,1,119000
IWM,30004,TWAP,-3.54385,0.302069,1,119000
IWM,30004,VWAP,-3.40117,0.444749,1,119000
IWM,30004,POV,-1.57801,2.26791,1,119000
IWM,30004,AC,-1.08111,2.76481,1,119000
IWM,30004,Adaptive,-4.43023,-0.584307,1,119000
IWM,30005,TWAP,21.4113,0.559196,1,119000
IWM,30005,VWAP,21.1686,0.31653,1,119000
IWM,30005,POV,16.7998,-4.05228,1,119000
IWM,30005,AC,13.7339,-7.11823,1,119000
IWM,30005,Adaptive,15.7047,-5.14744,0.959664,119000
IWM,30008,TWAP,-34.556,1.73442,1,119000
IWM,30008,VWAP,-33.9035,2.38695,1,119000
IWM,30008,POV,-12.639,23.6514,1,119000
IWM,30008,AC,-6.69713,29.5933,1,119000
IWM,30008,Adaptive,-5.88044,30.41,1,119000
IWM,30009,TWAP,10.9679,1.07992,1,119000
IWM,30009,VWAP,11.021,1.13308,1,119000
IWM,30009,POV,12.2699,2.38194,1,119000
IWM,30009,AC,10.9392,1.05128,1,119000
IWM,30009,Adaptive,7.54522,-2.34274,1,119000
IWM,30010,TWAP,19.2852,1.09351,1,119000
IWM,30010,VWAP,19.0888,0.897119,1,119000
IWM,30010,POV,13.3629,-4.8288,1,119000
IWM,30010,AC,10.2052,-7.98648,1,119000
IWM,30010,Adaptive,13.6008,-4.59081,1,119000
IWM,30011,TWAP,-21.8157,1.25988,1,119000
IWM,30011,VWAP,-21.6763,1.39925,1,119000
IWM,30011,POV,-22.0002,1.07533,1,119000
IWM,30011,AC,-16.1917,6.88388,1,119000
IWM,30011,Adaptive,-14.4536,8.62193,1,119000
IWM,30012,TWAP,53.0013,-0.792404,1,119000
IWM,30012,VWAP,52.2235,-1.57026,1,119000
IWM,30012,POV,27.9352,-25.8586,1,119000
IWM,30012,AC,20.0192,-33.7745,1,119000
IWM,30012,Adaptive,46.3574,-7.43637,1,119000
IWM,30013,TWAP,30.4993,-0.153376,1,119000
IWM,30013,VWAP,30.5221,-0.130514,1,119000
IWM,30013,POV,30.3398,-0.312858,1,119000
IWM,30013,AC,24.52,-6.1327,1,119000
IWM,30013,Adaptive,25.6989,-4.9538,0.97563,119000
IWM,30014,TWAP,2.60129,0.0937884,1,119000
IWM,30014,VWAP,2.4553,-0.0521965,1,119000
IWM,30014,POV,-6.43436,-8.94185,1,119000
IWM,30014,AC,-2.1468,-4.6543,1,119000
IWM,30014,Adaptive,-5.10149,-7.60898,1,119000
IWM,30015,TWAP,12.0181,0.28917,1,119000
IWM,30015,VWAP,11.7438,0.014828,1,119000
IWM,30015,POV,7.24774,-4.48123,1,119000
IWM,30015,AC,4.1804,-7.54857,1,119000
IWM,30015,Adaptive,3.27172,-8.45726,1,119000
IWM,30018,TWAP,-10.8012,1.33746,1,119000
IWM,30018,VWAP,-10.807,1.33168,1,119000
IWM,30018,POV,-6.60017,5.53852,1,119000
IWM,30018,AC,-4.62111,7.51758,1,119000
IWM,30018,Adaptive,-4.4575,7.68119,1,119000
IWM,30019,TWAP,-19.9022,0.76968,1,119000
IWM,30019,VWAP,-19.8162,0.855619,1,119000
IWM,30019,POV,-20.3864,0.285451,1,119000
IWM,30019,AC,-13.1535,7.51832,1,119000
IWM,30019,Adaptive,-11.7601,8.91178,1,119000
IWM,30016,TWAP,22.2572,0.372583,1,119000
IWM,30016,VWAP,21.9699,0.0852956,1,119000
IWM,30016,POV,12.8839,-9.00075,1,119000
IWM,30016,AC,9.46396,-12.4207,1,119000
IWM,30016,Adaptive,12.6957,-9.18888,1,119000
IWM,30017,TWAP,-50.8939,2.06399,1,119000
IWM,30017,VWAP,-50.2929,2.66501,1,119000
IWM,30017,POV,-32.4522,20.5057,1,119000
IWM,30017,AC,-25.9972,26.9608,1,119000
IWM,30017,Adaptive,-22.3013,30.6567,1,119000
IWM,30020,TWAP,-32.9364,1.92273,1,119000
IWM,30020,VWAP,-32.607,2.25216,1,119000
IWM,30020,POV,-22.6913,12.1678,1,119000
IWM,30020,AC,-16.6068,18.2524,1,119000
IWM,30020,Adaptive,-11.4003,23.4588,1,119000
IWM,30021,TWAP,-14.4539,1.21388,1,119000
IWM,30021,VWAP,-14.2856,1.38217,1,119000
IWM,30021,POV,-11.6997,3.96804,1,119000
IWM,30021,AC,-7.01692,8.65085,1,119000
IWM,30021,Adaptive,-6.24154,9.42622,1,119000
IWM,30026,TWAP,32.8546,-0.606021,1,119000
IWM,30026,VWAP,32.3698,-1.0908,1,119000
IWM,30026,POV,14.4605,-19.0001,1,119000
IWM,30026,AC,13.0062,-20.4545,1,119000
IWM,30026,Adaptive,29.3331,-4.12756,1,119000
IWM,30027,TWAP,-33.6796,2.14653,1,119000
IWM,30027,VWAP,-33.3033,2.52279,1,119000
IWM,30027,POV,-19.4617,16.3644,1,119000
IWM,30027,AC,-15.5625,20.2635,1,119000
IWM,30027,Adaptive,-11.3948,24.4313,1,119000
IWM,30022,TWAP,9.01608,0.532111,1,119000
IWM,30022,VWAP,9.09018,0.606205,1,119000
IWM,30022,POV,8.22859,-0.255382,1,119000
IWM,30022,AC,7.91183,-0.572142,1,119000
IWM,30022,Adaptive,6.84504,-1.63893,1,119000
IWM,30023,TWAP,1.54772,0.487902,1,119000
IWM,30023,VWAP,1.56672,0.506907,1,119000
IWM,30023,POV,-3.36151,-4.42132,1,119000
IWM,30023,AC,-1.24197,-2.30179,1,119000
IWM,30023,Adaptive,-1.7094,-2.76921,1,119000
IWM,30042,TWAP,15.0177,0.650138,1,119000
IWM,30042,VWAP,15.0541,0.686496,1,119000
IWM,30042,POV,17.8044,3.4368,1,119000
IWM,30042,AC,12.8866,-1.48097,1,119000
IWM,30042,Adaptive,9.70855,-4.65903,1,119000
IWM,30043,TWAP,-6.92437,0.516181,1,119000
IWM,30043,VWAP,-6.82548,0.615065,1,119000
IWM,30043,POV,-4.97946,2.46109,1,119000
IWM,30043,AC,-3.36784,4.0727,1,119000
IWM,30043,Adaptive,-4.31565,3.1249,1,119000
IWM,30044,TWAP,12.2627,0.205986,1,119000
IWM,30044,VWAP,12.0727,0.0159298,1,119000
IWM,30044,POV,0.796307,-11.2604,1,119000
IWM,30044,AC,0.572647,-11.4841,1,119000
IWM,30044,Adaptive,-0.212367,-12.2691,1,119000
IWM,30045,TWAP,-0.775648,0.84685,1,119000
IWM,30045,VWAP,-1.09571,0.526785,1,119000
IWM,30045,POV,-11.9597,-10.3372,1,119000
IWM,30045,AC,-9.73885,-8.11635,1,119000
IWM,30045,Adaptive,-11.188,-9.56546,1,119000
IWM,30038,TWAP,15.9198,0.557956,1,119000
IWM,30038,VWAP,15.6694,0.307578,1,119000
IWM,30038,POV,10.8679,-4.49395,1,119000
IWM,30038,AC,7.26427,-8.09757,1,119000
IWM,30038,Adaptive,8.6671,-6.69474,1,119000
IWM,30039,TWAP,-28.2343,1.03622,1,119000
IWM,30039,VWAP,-27.6578,1.61272,1,119000
IWM,30039,POV,-16.0121,13.2585,1,119000
IWM,30039,AC,-8.22281,21.0477,1,119000
IWM,30039,Adaptive,-8.7467,20.5238,1,119000
IWM,30040,TWAP,-40.0687,0.52651,1,119000
IWM,30040,VWAP,-39.7495,0.845749,1,119000
IWM,30040,POV,-31.7644,8.83085,1,119000
IWM,30040,AC,-21.4419,19.1534,1,119000
IWM,30040,Adaptive,-14.2666,26.3287,1,119000
IWM,30041,TWAP,5.4053,1.48836,1,119000
IWM,30041,VWAP,5.57745,1.66051,1,119000
IWM,30041,POV,17.7165,13.7996,1,119000
IWM,30041,AC,13.4769,9.55995,1,119000
IWM,30041,Adaptive,6.13936,2.22241,1,119000
IWM,30024,TWAP,54.9732,-0.0605975,1,119000
IWM,30024,VWAP,54.3315,-0.70238,1,119000
IWM,30024,POV,31.7826,-23.2513,1,119000
IWM,30024,AC,27.9765,-27.0573,1,119000
IWM,30024,Adaptive,51.9368,-3.09708,0.935294,119000
IWM,30025,TWAP,28.2665,-0.823713,1,119000
IWM,30025,VWAP,27.8897,-1.20052,1,119000
IWM,30025,POV,13.1665,-15.9238,1,119000
IWM,30025,AC,12.019,-17.0713,1,119000
IWM,30025,Adaptive,29.5851,0.494834,0.989076,119000
IWM,30030,TWAP,-3.77357,1.35068,1,119000
IWM,30030,VWAP,-3.8507,1.27356,1,119000
IWM,30030,POV,-4.03359,1.09066,1,119000
IWM,30030,AC,-3.51851,1.60574,1,119000
IWM,30030,Adaptive,-4.22392,0.900332,1,119000
IWM,30031,TWAP,-31.852,0.669006,1,119000
IWM,30031,VWAP,-31.5355,0.98549,1,119000
IWM,30031,POV,-24.9824,7.53856,1,119000
IWM,30031,AC,-16.4522,16.0688,1,119000
IWM,30031,Adaptive,-10.7128,21.8082,1,119000
IWM,30028,TWAP,12.0162,0.079649,1,119000
IWM,30028,VWAP,11.8397,-0.0969101,1,119000
IWM,30028,POV,7.36728,-4.56928,1,119000
IWM,30028,AC,5.57662,-6.35994,1,119000
IWM,30028,Adaptive,6.24953,-5.68703,1,119000
IWM,30029,TWAP,-23.7617,1.7285,1,119000
IWM,30029,VWAP,-23.4372,2.05297,1,119000
IWM,30029,POV,-8.01623,17.4739,1,119000
IWM,30029,AC,-7.42044,18.0697,1,119000
IWM,30029,Adaptive,-5.41053,20.0796,1,119000
IWM,30032,TWAP,-12.193,1.25129,1,119000
IWM,30032,VWAP,-12.2994,1.14497,1,119000
IWM,30032,POV,-13.9237,-0.479317,1,119000
IWM,30032,AC,-9.75593,3.68842,1,119000
IWM,30032,Adaptive,-9.09101,4.35334,1,119000
IWM,30033,TWAP,9.40391,0.329935,1,119000
IWM,30033,VWAP,9.53392,0.459944,1,119000
IWM,30033,POV,10.7558,1.68181,1,119000
IWM,30033,AC,9.87106,0.797087,1,119000
IWM,30033,Adaptive,4.78776,-4.28622,1,119000
IWM,30046,TWAP,-4.22833,0.650092,1,119000
IWM,30046,VWAP,-3.98456,0.893859,1,119000
IWM,30046,POV,2.10384,6.98226,1,119000
IWM,30046,AC,3.98429,8.86271,1,119000
IWM,30046,Adaptive,0.508744,5.38717,1,119000
IWM,30047,TWAP,8.35998,0.613504,1,119000
IWM,30047,VWAP,8.10272,0.35624,1,119000
IWM,30047,POV,1.31028,-6.43619,1,119000
IWM,30047,AC,-1.21526,-8.96173,1,119000
IWM,30047,Adaptive,-4.3958,-12.1423,1,119000
IWM,30050,TWAP,3.08992,0.413073,1,119000
IWM,30050,VWAP,3.13041,0.453563,1,119000
IWM,30050,POV,1.02245,-1.6544,1,119000
IWM,30050,AC,1.65679,-1.02006,1,119000
IWM,30050,Adaptive,0.555018,-2.12183,1,119000
IWM,30051,TWAP,5.96886,0.342009,1,119000
IWM,30051,VWAP,6.076,0.449156,1,119000
IWM,30051,POV,7.03758,1.41073,1,119000
IWM,30051,AC,3.97905,-1.64779,1,119000
IWM,30051,Adaptive,1.71959,-3.90725,1,119000
IWM,30048,TWAP,0.566311,1.53326,1,119000
IWM,30048,VWAP,0.609281,1.57622,1,119000
IWM,30048,POV,5.80001,6.76695,1,119000
IWM,30048,AC,1.39154,2.35848,1,119000
IWM,30048,Adaptive,-2.00826,-1.04131,1,119000
IWM,30049,TWAP,4.09336,0.176421,1,119000
IWM,30049,VWAP,4.26056,0.343615,1,119000
IWM,30049,POV,6.65774,2.7408,1,119000
IWM,30049,AC,4.4283,0.51136,1,119000
IWM,30049,Adaptive,3.1844,-0.732541,1,119000
IWM,30034,TWAP,15.4692,0.533442,1,119000
IWM,30034,VWAP,15.5832,0.647475,1,119000
IWM,30034,POV,21.9705,7.03473,1,119000
IWM,30034,AC,15.1312,0.195473,1,119000
IWM,30034,Adaptive,8.70786,-6.22786,1,119000
IWM,30035,TWAP,-1.87687,-0.205205,1,119000
IWM,30035,VWAP,-1.86089,-0.18923,1,119000
IWM,30035,POV,-13.2929,-11.6212,1,119000
IWM,30035,AC,-7.67578,-6.00411,1,119000
IWM,30035,Adaptive,-6.76268,-5.09102,1,119000
IWM,30036,TWAP,-20.593,1.45553,1,119000
IWM,30036,VWAP,-20.3955,1.65303,1,119000
IWM,30036,POV,-13.868,8.18048,1,119000
IWM,30036,AC,-11.9303,10.1182,1,119000
IWM,30036,Adaptive,-9.75124,12.2973,1,119000
IWM,30037,TWAP,-10.4214,0.526372,1,119000
IWM,30037,VWAP,-10.6806,0.26718,1,119000
IWM,30037,POV,-25.4934,-14.5456,1,119000
IWM,30037,AC,-17.5265,-6.57869,1,119000
IWM,30037,Adaptive,-15.8157,-4.86791,1,119000
IWM,30052,TWAP,-0.0280952,0.62746,1,119000
IWM,30052,VWAP,-0.137171,0.518384,1,119000
IWM,30052,POV,-3.64522,-2.98966,1,119000
IWM,30052,AC,-0.136895,0.51866,1,119000
IWM,30052,Adaptive,-2.68915,-2.0336,1,119000
IWM,30053,TWAP,-0.448973,0.862137,1,119000
IWM,30053,VWAP,-0.505989,0.805121,1,119000
IWM,30053,POV,0.873706,2.18482,1,119000
IWM,30053,AC,-0.870676,0.440434,1,119000
IWM,30053,Adaptive,-1.54909,-0.237983,1,119000
IWM,30056,TWAP,8.63046,0.856675,1,119000
IWM,30056,VWAP,8.63046,0.856675,1,119000
IWM,30056,POV,8.1231,0.349308,1,119000
IWM,30056,AC,7.66751,-0.106275,1,119000
IWM,30056,Adaptive,4.83761,-2.93618,1,119000
IWM,30057,TWAP,-3.42459,1.39921,1,119000
IWM,30057,VWAP,-3.22158,1.60221,1,119000
IWM,30057,POV,-0.322544,4.50125,1,119000
IWM,30057,AC,-0.218427,4.60537,1,119000
IWM,30057,Adaptive,-0.909789,3.914,1,119000
IWM,30054,TWAP,24.3789,0.429324,1,119000
IWM,30054,VWAP,24.2338,0.284166,1,119000
IWM,30054,POV,18.2101,-5.7395,1,119000
IWM,30054,AC,13.6394,-10.3102,1,119000
IWM,30054,Adaptive,21.5813,-2.36835,0.934454,119000
IWM,30055,TWAP,-36.4607,1.80732,1,119000
IWM,30055,VWAP,-36.1043,2.16374,1,119000
IWM,30055,POV,-25.5124,12.7556,1,119000
IWM,30055,AC,-18.2916,19.9764,1,119000
IWM,30055,Adaptive,-13.8402,24.4278,1,119000
IWM,30058,TWAP,-17.5818,0.839276,1,119000
IWM,30058,VWAP,-17.4361,0.984985,1,119000
IWM,30058,POV,-16.3112,2.1099,1,119000
IWM,30058,AC,-12.7404,5.68074,1,119000
IWM,30058,Adaptive,-12.0256,6.39552,1,119000
IWM,30059,TWAP,18.5062,0.418352,1,119000
IWM,30059,VWAP,18.2633,0.175411,1,119000
IWM,30059,POV,7.8011,-10.2868,1,119000
IWM,30059,AC,6.59521,-11.4926,1,119000
IWM,30059,Adaptive,9.30007,-8.78779,1,119000
